,git_hash,experiment_filestore,experiment,fuzzer,benchmark,time_started,time_ended,trial_id,time,edges_covered
0,8ba85fd38dfd6aeb1085fa6c8c2afc89c1722a3e,/home/jinsheng/experiment-data,smb-011814,ifcg,curl_curl_fuzzer_smb,2021-01-18 06:32:40.276193,2021-01-18 12:42:44.780135,2,900,7429
1,8ba85fd38dfd6aeb1085fa6c8c2afc89c1722a3e,/home/jinsheng/experiment-data,smb-011814,ifcg,curl_curl_fuzzer_smb,2021-01-18 06:32:40.312053,2021-01-18 12:42:44.780135,4,900,7502
2,8ba85fd38dfd6aeb1085fa6c8c2afc89c1722a3e,/home/jinsheng/experiment-data,smb-011814,libfuzzer,curl_curl_fuzzer_smb,2021-01-18 06:32:40.261902,2021-01-18 12:42:44.780135,11,900,12283
3,8ba85fd38dfd6aeb1085fa6c8c2afc89c1722a3e,/home/jinsheng/experiment-data,smb-011814,libfuzzer,curl_curl_fuzzer_smb,2021-01-18 06:32:40.320677,2021-01-18 12:42:44.780135,19,900,12339
4,8ba85fd38dfd6aeb1085fa6c8c2afc89c1722a3e,/home/jinsheng/experiment-data,smb-011814,libfuzzer,curl_curl_fuzzer_smb,2021-01-18 06:32:40.043327,2021-01-18 12:42:44.780135,15,900,7398
5,8ba85fd38dfd6aeb1085fa6c8c2afc89c1722a3e,/home/jinsheng/experiment-data,smb-011814,libfuzzer,curl_curl_fuzzer_smb,2021-01-18 06:32:40.284577,2021-01-18 12:42:44.780135,14,900,12351
6,8ba85fd38dfd6aeb1085fa6c8c2afc89c1722a3e,/home/jinsheng/experiment-data,smb-011814,ifcg,curl_curl_fuzzer_smb,2021-01-18 06:32:40.272142,2021-01-18 12:42:44.780135,9,900,7598
7,8ba85fd38dfd6aeb1085fa6c8c2afc89c1722a3e,/home/jinsheng/experiment-data,smb-011814,ifcg,curl_curl_fuzzer_smb,2021-01-18 06:32:40.083715,2021-01-18 12:42:44.780135,8,900,7457
8,8ba85fd38dfd6aeb1085fa6c8c2afc89c1722a3e,/home/jinsheng/experiment-data,smb-011814,ifcg,curl_curl_fuzzer_smb,2021-01-18 06:32:40.199680,2021-01-18 12:42:44.780135,1,900,7404
9,8ba85fd38dfd6aeb1085fa6c8c2afc89c1722a3e,/home/jinsheng/experiment-data,smb-011814,libfuzzer,curl_curl_fuzzer_smb,2021-01-18 06:32:40.236269,2021-01-18 12:42:44.780135,13,900,7390
10,8ba85fd38dfd6aeb1085fa6c8c2afc89c1722a3e,/home/jinsheng/experiment-data,smb-011814,ifcg,curl_curl_fuzzer_smb,2021-01-18 06:32:40.312937,2021-01-18 12:42:44.780135,5,900,7384
11,8ba85fd38dfd6aeb1085fa6c8c2afc89c1722a3e,/home/jinsheng/experiment-data,smb-011814,libfuzzer,curl_curl_fuzzer_smb,2021-01-18 06:32:40.239339,2021-01-18 12:42:44.780135,20,900,7522
12,8ba85fd38dfd6aeb1085fa6c8c2afc89c1722a3e,/home/jinsheng/experiment-data,smb-011814,libfuzzer,curl_curl_fuzzer_smb,2021-01-18 06:32:40.273411,2021-01-18 12:42:44.780135,12,900,12219
13,8ba85fd38dfd6aeb1085fa6c8c2afc89c1722a3e,/home/jinsheng/experiment-data,smb-011814,ifcg,curl_curl_fuzzer_smb,2021-01-18 06:32:40.220099,2021-01-18 12:42:44.780135,7,900,12187
14,8ba85fd38dfd6aeb1085fa6c8c2afc89c1722a3e,/home/jinsheng/experiment-data,smb-011814,libfuzzer,curl_curl_fuzzer_smb,2021-01-18 06:32:40.243416,2021-01-18 12:42:44.780135,16,900,7588
15,8ba85fd38dfd6aeb1085fa6c8c2afc89c1722a3e,/home/jinsheng/experiment-data,smb-011814,ifcg,curl_curl_fuzzer_smb,2021-01-18 06:32:40.323608,2021-01-18 12:42:44.780135,3,900,7541
16,8ba85fd38dfd6aeb1085fa6c8c2afc89c1722a3e,/home/jinsheng/experiment-data,smb-011814,libfuzzer,curl_curl_fuzzer_smb,2021-01-18 06:32:40.157191,2021-01-18 12:42:44.780135,18,900,7569
17,8ba85fd38dfd6aeb1085fa6c8c2afc89c1722a3e,/home/jinsheng/experiment-data,smb-011814,ifcg,curl_curl_fuzzer_smb,2021-01-18 06:32:40.116329,2021-01-18 12:42:44.780135,6,900,7508
18,8ba85fd38dfd6aeb1085fa6c8c2afc89c1722a3e,/home/jinsheng/experiment-data,smb-011814,ifcg,curl_curl_fuzzer_smb,2021-01-18 06:32:40.352875,2021-01-18 12:42:44.780135,10,900,7571
19,8ba85fd38dfd6aeb1085fa6c8c2afc89c1722a3e,/home/jinsheng/experiment-data,smb-011814,libfuzzer,curl_curl_fuzzer_smb,2021-01-18 06:32:40.187836,2021-01-18 12:42:44.780135,17,900,7639
20,8ba85fd38dfd6aeb1085fa6c8c2afc89c1722a3e,/home/jinsheng/experiment-data,smb-011814,libfuzzer,curl_curl_fuzzer_smb,2021-01-18 06:32:40.284577,2021-01-18 12:42:44.780135,14,1800,12363
21,8ba85fd38dfd6aeb1085fa6c8c2afc89c1722a3e,/home/jinsheng/experiment-data,smb-011814,libfuzzer,curl_curl_fuzzer_smb,2021-01-18 06:32:40.320677,2021-01-18 12:42:44.780135,19,1800,12365
22,8ba85fd38dfd6aeb1085fa6c8c2afc89c1722a3e,/home/jinsheng/experiment-data,smb-011814,libfuzzer,curl_curl_fuzzer_smb,2021-01-18 06:32:40.273411,2021-01-18 12:42:44.780135,12,1800,12273
23,8ba85fd38dfd6aeb1085fa6c8c2afc89c1722a3e,/home/jinsheng/experiment-data,smb-011814,ifcg,curl_curl_fuzzer_smb,2021-01-18 06:32:40.083715,2021-01-18 12:42:44.780135,8,1800,7509
24,8ba85fd38dfd6aeb1085fa6c8c2afc89c1722a3e,/home/jinsheng/experiment-data,smb-011814,libfuzzer,curl_curl_fuzzer_smb,2021-01-18 06:32:40.236269,2021-01-18 12:42:44.780135,13,1800,7496
25,8ba85fd38dfd6aeb1085fa6c8c2afc89c1722a3e,/home/jinsheng/experiment-data,smb-011814,ifcg,curl_curl_fuzzer_smb,2021-01-18 06:32:40.312937,2021-01-18 12:42:44.780135,5,1800,7417
26,8ba85fd38dfd6aeb1085fa6c8c2afc89c1722a3e,/home/jinsheng/experiment-data,smb-011814,libfuzzer,curl_curl_fuzzer_smb,2021-01-18 06:32:40.043327,2021-01-18 12:42:44.780135,15,1800,12168
27,8ba85fd38dfd6aeb1085fa6c8c2afc89c1722a3e,/home/jinsheng/experiment-data,smb-011814,ifcg,curl_curl_fuzzer_smb,2021-01-18 06:32:40.312053,2021-01-18 12:42:44.780135,4,1800,12286
28,8ba85fd38dfd6aeb1085fa6c8c2afc89c1722a3e,/home/jinsheng/experiment-data,smb-011814,ifcg,curl_curl_fuzzer_smb,2021-01-18 06:32:40.272142,2021-01-18 12:42:44.780135,9,1800,12413
29,8ba85fd38dfd6aeb1085fa6c8c2afc89c1722a3e,/home/jinsheng/experiment-data,smb-011814,ifcg,curl_curl_fuzzer_smb,2021-01-18 06:32:40.199680,2021-01-18 12:42:44.780135,1,1800,12202
30,8ba85fd38dfd6aeb1085fa6c8c2afc89c1722a3e,/home/jinsheng/experiment-data,smb-011814,ifcg,curl_curl_fuzzer_smb,2021-01-18 06:32:40.323608,2021-01-18 12:42:44.780135,3,1800,7557
31,8ba85fd38dfd6aeb1085fa6c8c2afc89c1722a3e,/home/jinsheng/experiment-data,smb-011814,libfuzzer,curl_curl_fuzzer_smb,2021-01-18 06:32:40.157191,2021-01-18 12:42:44.780135,18,1800,7636
32,8ba85fd38dfd6aeb1085fa6c8c2afc89c1722a3e,/home/jinsheng/experiment-data,smb-011814,libfuzzer,curl_curl_fuzzer_smb,2021-01-18 06:32:40.187836,2021-01-18 12:42:44.780135,17,1800,7659
33,8ba85fd38dfd6aeb1085fa6c8c2afc89c1722a3e,/home/jinsheng/experiment-data,smb-011814,ifcg,curl_curl_fuzzer_smb,2021-01-18 06:32:40.116329,2021-01-18 12:42:44.780135,6,1800,7580
34,8ba85fd38dfd6aeb1085fa6c8c2afc89c1722a3e,/home/jinsheng/experiment-data,smb-011814,libfuzzer,curl_curl_fuzzer_smb,2021-01-18 06:32:40.243416,2021-01-18 12:42:44.780135,16,1800,7645
35,8ba85fd38dfd6aeb1085fa6c8c2afc89c1722a3e,/home/jinsheng/experiment-data,smb-011814,libfuzzer,curl_curl_fuzzer_smb,2021-01-18 06:32:40.261902,2021-01-18 12:42:44.780135,11,1800,12459
36,8ba85fd38dfd6aeb1085fa6c8c2afc89c1722a3e,/home/jinsheng/experiment-data,smb-011814,ifcg,curl_curl_fuzzer_smb,2021-01-18 06:32:40.352875,2021-01-18 12:42:44.780135,10,1800,7589
37,8ba85fd38dfd6aeb1085fa6c8c2afc89c1722a3e,/home/jinsheng/experiment-data,smb-011814,ifcg,curl_curl_fuzzer_smb,2021-01-18 06:32:40.276193,2021-01-18 12:42:44.780135,2,1800,7684
38,8ba85fd38dfd6aeb1085fa6c8c2afc89c1722a3e,/home/jinsheng/experiment-data,smb-011814,libfuzzer,curl_curl_fuzzer_smb,2021-01-18 06:32:40.239339,2021-01-18 12:42:44.780135,20,1800,7724
39,8ba85fd38dfd6aeb1085fa6c8c2afc89c1722a3e,/home/jinsheng/experiment-data,smb-011814,ifcg,curl_curl_fuzzer_smb,2021-01-18 06:32:40.220099,2021-01-18 12:42:44.780135,7,1800,12354
40,8ba85fd38dfd6aeb1085fa6c8c2afc89c1722a3e,/home/jinsheng/experiment-data,smb-011814,ifcg,curl_curl_fuzzer_smb,2021-01-18 06:32:40.312937,2021-01-18 12:42:44.780135,5,2700,7475
41,8ba85fd38dfd6aeb1085fa6c8c2afc89c1722a3e,/home/jinsheng/experiment-data,smb-011814,libfuzzer,curl_curl_fuzzer_smb,2021-01-18 06:32:40.284577,2021-01-18 12:42:44.780135,14,2700,12369
42,8ba85fd38dfd6aeb1085fa6c8c2afc89c1722a3e,/home/jinsheng/experiment-data,smb-011814,ifcg,curl_curl_fuzzer_smb,2021-01-18 06:32:40.083715,2021-01-18 12:42:44.780135,8,2700,7547
43,8ba85fd38dfd6aeb1085fa6c8c2afc89c1722a3e,/home/jinsheng/experiment-data,smb-011814,libfuzzer,curl_curl_fuzzer_smb,2021-01-18 06:32:40.273411,2021-01-18 12:42:44.780135,12,2700,12304
44,8ba85fd38dfd6aeb1085fa6c8c2afc89c1722a3e,/home/jinsheng/experiment-data,smb-011814,libfuzzer,curl_curl_fuzzer_smb,2021-01-18 06:32:40.243416,2021-01-18 12:42:44.780135,16,2700,7679
45,8ba85fd38dfd6aeb1085fa6c8c2afc89c1722a3e,/home/jinsheng/experiment-data,smb-011814,ifcg,curl_curl_fuzzer_smb,2021-01-18 06:32:40.199680,2021-01-18 12:42:44.780135,1,2700,12213
46,8ba85fd38dfd6aeb1085fa6c8c2afc89c1722a3e,/home/jinsheng/experiment-data,smb-011814,ifcg,curl_curl_fuzzer_smb,2021-01-18 06:32:40.312053,2021-01-18 12:42:44.780135,4,2700,12363
47,8ba85fd38dfd6aeb1085fa6c8c2afc89c1722a3e,/home/jinsheng/experiment-data,smb-011814,libfuzzer,curl_curl_fuzzer_smb,2021-01-18 06:32:40.157191,2021-01-18 12:42:44.780135,18,2700,7655
48,8ba85fd38dfd6aeb1085fa6c8c2afc89c1722a3e,/home/jinsheng/experiment-data,smb-011814,ifcg,curl_curl_fuzzer_smb,2021-01-18 06:32:40.323608,2021-01-18 12:42:44.780135,3,2700,7562
49,8ba85fd38dfd6aeb1085fa6c8c2afc89c1722a3e,/home/jinsheng/experiment-data,smb-011814,ifcg,curl_curl_fuzzer_smb,2021-01-18 06:32:40.272142,2021-01-18 12:42:44.780135,9,2700,12610
50,8ba85fd38dfd6aeb1085fa6c8c2afc89c1722a3e,/home/jinsheng/experiment-data,smb-011814,libfuzzer,curl_curl_fuzzer_smb,2021-01-18 06:32:40.236269,2021-01-18 12:42:44.780135,13,2700,7606
51,8ba85fd38dfd6aeb1085fa6c8c2afc89c1722a3e,/home/jinsheng/experiment-data,smb-011814,libfuzzer,curl_curl_fuzzer_smb,2021-01-18 06:32:40.239339,2021-01-18 12:42:44.780135,20,2700,7743
52,8ba85fd38dfd6aeb1085fa6c8c2afc89c1722a3e,/home/jinsheng/experiment-data,smb-011814,libfuzzer,curl_curl_fuzzer_smb,2021-01-18 06:32:40.043327,2021-01-18 12:42:44.780135,15,2700,12414
53,8ba85fd38dfd6aeb1085fa6c8c2afc89c1722a3e,/home/jinsheng/experiment-data,smb-011814,libfuzzer,curl_curl_fuzzer_smb,2021-01-18 06:32:40.320677,2021-01-18 12:42:44.780135,19,2700,12528
54,8ba85fd38dfd6aeb1085fa6c8c2afc89c1722a3e,/home/jinsheng/experiment-data,smb-011814,ifcg,curl_curl_fuzzer_smb,2021-01-18 06:32:40.116329,2021-01-18 12:42:44.780135,6,2700,7618
55,8ba85fd38dfd6aeb1085fa6c8c2afc89c1722a3e,/home/jinsheng/experiment-data,smb-011814,libfuzzer,curl_curl_fuzzer_smb,2021-01-18 06:32:40.187836,2021-01-18 12:42:44.780135,17,2700,7676
56,8ba85fd38dfd6aeb1085fa6c8c2afc89c1722a3e,/home/jinsheng/experiment-data,smb-011814,libfuzzer,curl_curl_fuzzer_smb,2021-01-18 06:32:40.261902,2021-01-18 12:42:44.780135,11,2700,12493
57,8ba85fd38dfd6aeb1085fa6c8c2afc89c1722a3e,/home/jinsheng/experiment-data,smb-011814,ifcg,curl_curl_fuzzer_smb,2021-01-18 06:32:40.352875,2021-01-18 12:42:44.780135,10,2700,7592
58,8ba85fd38dfd6aeb1085fa6c8c2afc89c1722a3e,/home/jinsheng/experiment-data,smb-011814,ifcg,curl_curl_fuzzer_smb,2021-01-18 06:32:40.276193,2021-01-18 12:42:44.780135,2,2700,12446
59,8ba85fd38dfd6aeb1085fa6c8c2afc89c1722a3e,/home/jinsheng/experiment-data,smb-011814,ifcg,curl_curl_fuzzer_smb,2021-01-18 06:32:40.220099,2021-01-18 12:42:44.780135,7,2700,12354
60,8ba85fd38dfd6aeb1085fa6c8c2afc89c1722a3e,/home/jinsheng/experiment-data,smb-011814,ifcg,curl_curl_fuzzer_smb,2021-01-18 06:32:40.199680,2021-01-18 12:42:44.780135,1,3600,12326
61,8ba85fd38dfd6aeb1085fa6c8c2afc89c1722a3e,/home/jinsheng/experiment-data,smb-011814,libfuzzer,curl_curl_fuzzer_smb,2021-01-18 06:32:40.284577,2021-01-18 12:42:44.780135,14,3600,12372
62,8ba85fd38dfd6aeb1085fa6c8c2afc89c1722a3e,/home/jinsheng/experiment-data,smb-011814,ifcg,curl_curl_fuzzer_smb,2021-01-18 06:32:40.312053,2021-01-18 12:42:44.780135,4,3600,12368
63,8ba85fd38dfd6aeb1085fa6c8c2afc89c1722a3e,/home/jinsheng/experiment-data,smb-011814,ifcg,curl_curl_fuzzer_smb,2021-01-18 06:32:40.083715,2021-01-18 12:42:44.780135,8,3600,7589
64,8ba85fd38dfd6aeb1085fa6c8c2afc89c1722a3e,/home/jinsheng/experiment-data,smb-011814,ifcg,curl_curl_fuzzer_smb,2021-01-18 06:32:40.312937,2021-01-18 12:42:44.780135,5,3600,12272
65,8ba85fd38dfd6aeb1085fa6c8c2afc89c1722a3e,/home/jinsheng/experiment-data,smb-011814,libfuzzer,curl_curl_fuzzer_smb,2021-01-18 06:32:40.243416,2021-01-18 12:42:44.780135,16,3600,7698
66,8ba85fd38dfd6aeb1085fa6c8c2afc89c1722a3e,/home/jinsheng/experiment-data,smb-011814,libfuzzer,curl_curl_fuzzer_smb,2021-01-18 06:32:40.157191,2021-01-18 12:42:44.780135,18,3600,7679
67,8ba85fd38dfd6aeb1085fa6c8c2afc89c1722a3e,/home/jinsheng/experiment-data,smb-011814,libfuzzer,curl_curl_fuzzer_smb,2021-01-18 06:32:40.273411,2021-01-18 12:42:44.780135,12,3600,12335
68,8ba85fd38dfd6aeb1085fa6c8c2afc89c1722a3e,/home/jinsheng/experiment-data,smb-011814,ifcg,curl_curl_fuzzer_smb,2021-01-18 06:32:40.276193,2021-01-18 12:42:44.780135,2,3600,12454
69,8ba85fd38dfd6aeb1085fa6c8c2afc89c1722a3e,/home/jinsheng/experiment-data,smb-011814,libfuzzer,curl_curl_fuzzer_smb,2021-01-18 06:32:40.261902,2021-01-18 12:42:44.780135,11,3600,12493
70,8ba85fd38dfd6aeb1085fa6c8c2afc89c1722a3e,/home/jinsheng/experiment-data,smb-011814,ifcg,curl_curl_fuzzer_smb,2021-01-18 06:32:40.272142,2021-01-18 12:42:44.780135,9,3600,12610
71,8ba85fd38dfd6aeb1085fa6c8c2afc89c1722a3e,/home/jinsheng/experiment-data,smb-011814,ifcg,curl_curl_fuzzer_smb,2021-01-18 06:32:40.323608,2021-01-18 12:42:44.780135,3,3600,7562
72,8ba85fd38dfd6aeb1085fa6c8c2afc89c1722a3e,/home/jinsheng/experiment-data,smb-011814,libfuzzer,curl_curl_fuzzer_smb,2021-01-18 06:32:40.239339,2021-01-18 12:42:44.780135,20,3600,7748
73,8ba85fd38dfd6aeb1085fa6c8c2afc89c1722a3e,/home/jinsheng/experiment-data,smb-011814,ifcg,curl_curl_fuzzer_smb,2021-01-18 06:32:40.352875,2021-01-18 12:42:44.780135,10,3600,7624
74,8ba85fd38dfd6aeb1085fa6c8c2afc89c1722a3e,/home/jinsheng/experiment-data,smb-011814,ifcg,curl_curl_fuzzer_smb,2021-01-18 06:32:40.116329,2021-01-18 12:42:44.780135,6,3600,12369
75,8ba85fd38dfd6aeb1085fa6c8c2afc89c1722a3e,/home/jinsheng/experiment-data,smb-011814,libfuzzer,curl_curl_fuzzer_smb,2021-01-18 06:32:40.187836,2021-01-18 12:42:44.780135,17,3600,7676
76,8ba85fd38dfd6aeb1085fa6c8c2afc89c1722a3e,/home/jinsheng/experiment-data,smb-011814,libfuzzer,curl_curl_fuzzer_smb,2021-01-18 06:32:40.043327,2021-01-18 12:42:44.780135,15,3600,12505
77,8ba85fd38dfd6aeb1085fa6c8c2afc89c1722a3e,/home/jinsheng/experiment-data,smb-011814,libfuzzer,curl_curl_fuzzer_smb,2021-01-18 06:32:40.320677,2021-01-18 12:42:44.780135,19,3600,12540
78,8ba85fd38dfd6aeb1085fa6c8c2afc89c1722a3e,/home/jinsheng/experiment-data,smb-011814,ifcg,curl_curl_fuzzer_smb,2021-01-18 06:32:40.220099,2021-01-18 12:42:44.780135,7,3600,12377
79,8ba85fd38dfd6aeb1085fa6c8c2afc89c1722a3e,/home/jinsheng/experiment-data,smb-011814,libfuzzer,curl_curl_fuzzer_smb,2021-01-18 06:32:40.236269,2021-01-18 12:42:44.780135,13,3600,7655
80,8ba85fd38dfd6aeb1085fa6c8c2afc89c1722a3e,/home/jinsheng/experiment-data,smb-011814,ifcg,curl_curl_fuzzer_smb,2021-01-18 06:32:40.083715,2021-01-18 12:42:44.780135,8,4500,12366
81,8ba85fd38dfd6aeb1085fa6c8c2afc89c1722a3e,/home/jinsheng/experiment-data,smb-011814,libfuzzer,curl_curl_fuzzer_smb,2021-01-18 06:32:40.157191,2021-01-18 12:42:44.780135,18,4500,7698
82,8ba85fd38dfd6aeb1085fa6c8c2afc89c1722a3e,/home/jinsheng/experiment-data,smb-011814,libfuzzer,curl_curl_fuzzer_smb,2021-01-18 06:32:40.043327,2021-01-18 12:42:44.780135,15,4500,12508
83,8ba85fd38dfd6aeb1085fa6c8c2afc89c1722a3e,/home/jinsheng/experiment-data,smb-011814,libfuzzer,curl_curl_fuzzer_smb,2021-01-18 06:32:40.284577,2021-01-18 12:42:44.780135,14,4500,12528
84,8ba85fd38dfd6aeb1085fa6c8c2afc89c1722a3e,/home/jinsheng/experiment-data,smb-011814,libfuzzer,curl_curl_fuzzer_smb,2021-01-18 06:32:40.273411,2021-01-18 12:42:44.780135,12,4500,12340
85,8ba85fd38dfd6aeb1085fa6c8c2afc89c1722a3e,/home/jinsheng/experiment-data,smb-011814,ifcg,curl_curl_fuzzer_smb,2021-01-18 06:32:40.312053,2021-01-18 12:42:44.780135,4,4500,12401
86,8ba85fd38dfd6aeb1085fa6c8c2afc89c1722a3e,/home/jinsheng/experiment-data,smb-011814,libfuzzer,curl_curl_fuzzer_smb,2021-01-18 06:32:40.243416,2021-01-18 12:42:44.780135,16,4500,7715
87,8ba85fd38dfd6aeb1085fa6c8c2afc89c1722a3e,/home/jinsheng/experiment-data,smb-011814,ifcg,curl_curl_fuzzer_smb,2021-01-18 06:32:40.272142,2021-01-18 12:42:44.780135,9,4500,12635
88,8ba85fd38dfd6aeb1085fa6c8c2afc89c1722a3e,/home/jinsheng/experiment-data,smb-011814,libfuzzer,curl_curl_fuzzer_smb,2021-01-18 06:32:40.261902,2021-01-18 12:42:44.780135,11,4500,12494
89,8ba85fd38dfd6aeb1085fa6c8c2afc89c1722a3e,/home/jinsheng/experiment-data,smb-011814,libfuzzer,curl_curl_fuzzer_smb,2021-01-18 06:32:40.187836,2021-01-18 12:42:44.780135,17,4500,7676
90,8ba85fd38dfd6aeb1085fa6c8c2afc89c1722a3e,/home/jinsheng/experiment-data,smb-011814,libfuzzer,curl_curl_fuzzer_smb,2021-01-18 06:32:40.320677,2021-01-18 12:42:44.780135,19,4500,12551
91,8ba85fd38dfd6aeb1085fa6c8c2afc89c1722a3e,/home/jinsheng/experiment-data,smb-011814,ifcg,curl_curl_fuzzer_smb,2021-01-18 06:32:40.116329,2021-01-18 12:42:44.780135,6,4500,12369
92,8ba85fd38dfd6aeb1085fa6c8c2afc89c1722a3e,/home/jinsheng/experiment-data,smb-011814,ifcg,curl_curl_fuzzer_smb,2021-01-18 06:32:40.352875,2021-01-18 12:42:44.780135,10,4500,7661
93,8ba85fd38dfd6aeb1085fa6c8c2afc89c1722a3e,/home/jinsheng/experiment-data,smb-011814,ifcg,curl_curl_fuzzer_smb,2021-01-18 06:32:40.323608,2021-01-18 12:42:44.780135,3,4500,7562
94,8ba85fd38dfd6aeb1085fa6c8c2afc89c1722a3e,/home/jinsheng/experiment-data,smb-011814,ifcg,curl_curl_fuzzer_smb,2021-01-18 06:32:40.199680,2021-01-18 12:42:44.780135,1,4500,12440
95,8ba85fd38dfd6aeb1085fa6c8c2afc89c1722a3e,/home/jinsheng/experiment-data,smb-011814,ifcg,curl_curl_fuzzer_smb,2021-01-18 06:32:40.220099,2021-01-18 12:42:44.780135,7,4500,12378
96,8ba85fd38dfd6aeb1085fa6c8c2afc89c1722a3e,/home/jinsheng/experiment-data,smb-011814,ifcg,curl_curl_fuzzer_smb,2021-01-18 06:32:40.276193,2021-01-18 12:42:44.780135,2,4500,12499
97,8ba85fd38dfd6aeb1085fa6c8c2afc89c1722a3e,/home/jinsheng/experiment-data,smb-011814,libfuzzer,curl_curl_fuzzer_smb,2021-01-18 06:32:40.236269,2021-01-18 12:42:44.780135,13,4500,7686
98,8ba85fd38dfd6aeb1085fa6c8c2afc89c1722a3e,/home/jinsheng/experiment-data,smb-011814,libfuzzer,curl_curl_fuzzer_smb,2021-01-18 06:32:40.239339,2021-01-18 12:42:44.780135,20,4500,7748
99,8ba85fd38dfd6aeb1085fa6c8c2afc89c1722a3e,/home/jinsheng/experiment-data,smb-011814,ifcg,curl_curl_fuzzer_smb,2021-01-18 06:32:40.312937,2021-01-18 12:42:44.780135,5,4500,12491
100,8ba85fd38dfd6aeb1085fa6c8c2afc89c1722a3e,/home/jinsheng/experiment-data,smb-011814,ifcg,curl_curl_fuzzer_smb,2021-01-18 06:32:40.083715,2021-01-18 12:42:44.780135,8,5400,12372
101,8ba85fd38dfd6aeb1085fa6c8c2afc89c1722a3e,/home/jinsheng/experiment-data,smb-011814,libfuzzer,curl_curl_fuzzer_smb,2021-01-18 06:32:40.273411,2021-01-18 12:42:44.780135,12,5400,12342
102,8ba85fd38dfd6aeb1085fa6c8c2afc89c1722a3e,/home/jinsheng/experiment-data,smb-011814,ifcg,curl_curl_fuzzer_smb,2021-01-18 06:32:40.272142,2021-01-18 12:42:44.780135,9,5400,12640
103,8ba85fd38dfd6aeb1085fa6c8c2afc89c1722a3e,/home/jinsheng/experiment-data,smb-011814,ifcg,curl_curl_fuzzer_smb,2021-01-18 06:32:40.276193,2021-01-18 12:42:44.780135,2,5400,12501
104,8ba85fd38dfd6aeb1085fa6c8c2afc89c1722a3e,/home/jinsheng/experiment-data,smb-011814,libfuzzer,curl_curl_fuzzer_smb,2021-01-18 06:32:40.243416,2021-01-18 12:42:44.780135,16,5400,12460
105,8ba85fd38dfd6aeb1085fa6c8c2afc89c1722a3e,/home/jinsheng/experiment-data,smb-011814,ifcg,curl_curl_fuzzer_smb,2021-01-18 06:32:40.116329,2021-01-18 12:42:44.780135,6,5400,12373
106,8ba85fd38dfd6aeb1085fa6c8c2afc89c1722a3e,/home/jinsheng/experiment-data,smb-011814,libfuzzer,curl_curl_fuzzer_smb,2021-01-18 06:32:40.261902,2021-01-18 12:42:44.780135,11,5400,12494
107,8ba85fd38dfd6aeb1085fa6c8c2afc89c1722a3e,/home/jinsheng/experiment-data,smb-011814,libfuzzer,curl_curl_fuzzer_smb,2021-01-18 06:32:40.320677,2021-01-18 12:42:44.780135,19,5400,12552
108,8ba85fd38dfd6aeb1085fa6c8c2afc89c1722a3e,/home/jinsheng/experiment-data,smb-011814,libfuzzer,curl_curl_fuzzer_smb,2021-01-18 06:32:40.284577,2021-01-18 12:42:44.780135,14,5400,12542
109,8ba85fd38dfd6aeb1085fa6c8c2afc89c1722a3e,/home/jinsheng/experiment-data,smb-011814,ifcg,curl_curl_fuzzer_smb,2021-01-18 06:32:40.199680,2021-01-18 12:42:44.780135,1,5400,12514
110,8ba85fd38dfd6aeb1085fa6c8c2afc89c1722a3e,/home/jinsheng/experiment-data,smb-011814,libfuzzer,curl_curl_fuzzer_smb,2021-01-18 06:32:40.239339,2021-01-18 12:42:44.780135,20,5400,7748
111,8ba85fd38dfd6aeb1085fa6c8c2afc89c1722a3e,/home/jinsheng/experiment-data,smb-011814,ifcg,curl_curl_fuzzer_smb,2021-01-18 06:32:40.220099,2021-01-18 12:42:44.780135,7,5400,12378
112,8ba85fd38dfd6aeb1085fa6c8c2afc89c1722a3e,/home/jinsheng/experiment-data,smb-011814,ifcg,curl_curl_fuzzer_smb,2021-01-18 06:32:40.352875,2021-01-18 12:42:44.780135,10,5400,7675
113,8ba85fd38dfd6aeb1085fa6c8c2afc89c1722a3e,/home/jinsheng/experiment-data,smb-011814,libfuzzer,curl_curl_fuzzer_smb,2021-01-18 06:32:40.187836,2021-01-18 12:42:44.780135,17,5400,7680
114,8ba85fd38dfd6aeb1085fa6c8c2afc89c1722a3e,/home/jinsheng/experiment-data,smb-011814,libfuzzer,curl_curl_fuzzer_smb,2021-01-18 06:32:40.157191,2021-01-18 12:42:44.780135,18,5400,7707
115,8ba85fd38dfd6aeb1085fa6c8c2afc89c1722a3e,/home/jinsheng/experiment-data,smb-011814,libfuzzer,curl_curl_fuzzer_smb,2021-01-18 06:32:40.236269,2021-01-18 12:42:44.780135,13,5400,7710
116,8ba85fd38dfd6aeb1085fa6c8c2afc89c1722a3e,/home/jinsheng/experiment-data,smb-011814,ifcg,curl_curl_fuzzer_smb,2021-01-18 06:32:40.312937,2021-01-18 12:42:44.780135,5,5400,12505
117,8ba85fd38dfd6aeb1085fa6c8c2afc89c1722a3e,/home/jinsheng/experiment-data,smb-011814,ifcg,curl_curl_fuzzer_smb,2021-01-18 06:32:40.312053,2021-01-18 12:42:44.780135,4,5400,12596
118,8ba85fd38dfd6aeb1085fa6c8c2afc89c1722a3e,/home/jinsheng/experiment-data,smb-011814,libfuzzer,curl_curl_fuzzer_smb,2021-01-18 06:32:40.043327,2021-01-18 12:42:44.780135,15,5400,12509
119,8ba85fd38dfd6aeb1085fa6c8c2afc89c1722a3e,/home/jinsheng/experiment-data,smb-011814,ifcg,curl_curl_fuzzer_smb,2021-01-18 06:32:40.323608,2021-01-18 12:42:44.780135,3,5400,12307
120,8ba85fd38dfd6aeb1085fa6c8c2afc89c1722a3e,/home/jinsheng/experiment-data,smb-011814,ifcg,curl_curl_fuzzer_smb,2021-01-18 06:32:40.083715,2021-01-18 12:42:44.780135,8,6300,12408
121,8ba85fd38dfd6aeb1085fa6c8c2afc89c1722a3e,/home/jinsheng/experiment-data,smb-011814,libfuzzer,curl_curl_fuzzer_smb,2021-01-18 06:32:40.043327,2021-01-18 12:42:44.780135,15,6300,12533
122,8ba85fd38dfd6aeb1085fa6c8c2afc89c1722a3e,/home/jinsheng/experiment-data,smb-011814,libfuzzer,curl_curl_fuzzer_smb,2021-01-18 06:32:40.157191,2021-01-18 12:42:44.780135,18,6300,7721
123,8ba85fd38dfd6aeb1085fa6c8c2afc89c1722a3e,/home/jinsheng/experiment-data,smb-011814,libfuzzer,curl_curl_fuzzer_smb,2021-01-18 06:32:40.320677,2021-01-18 12:42:44.780135,19,6300,12552
124,8ba85fd38dfd6aeb1085fa6c8c2afc89c1722a3e,/home/jinsheng/experiment-data,smb-011814,ifcg,curl_curl_fuzzer_smb,2021-01-18 06:32:40.199680,2021-01-18 12:42:44.780135,1,6300,12535
125,8ba85fd38dfd6aeb1085fa6c8c2afc89c1722a3e,/home/jinsheng/experiment-data,smb-011814,libfuzzer,curl_curl_fuzzer_smb,2021-01-18 06:32:40.273411,2021-01-18 12:42:44.780135,12,6300,12505
126,8ba85fd38dfd6aeb1085fa6c8c2afc89c1722a3e,/home/jinsheng/experiment-data,smb-011814,ifcg,curl_curl_fuzzer_smb,2021-01-18 06:32:40.272142,2021-01-18 12:42:44.780135,9,6300,12690
127,8ba85fd38dfd6aeb1085fa6c8c2afc89c1722a3e,/home/jinsheng/experiment-data,smb-011814,libfuzzer,curl_curl_fuzzer_smb,2021-01-18 06:32:40.284577,2021-01-18 12:42:44.780135,14,6300,12543
128,8ba85fd38dfd6aeb1085fa6c8c2afc89c1722a3e,/home/jinsheng/experiment-data,smb-011814,libfuzzer,curl_curl_fuzzer_smb,2021-01-18 06:32:40.243416,2021-01-18 12:42:44.780135,16,6300,12513
129,8ba85fd38dfd6aeb1085fa6c8c2afc89c1722a3e,/home/jinsheng/experiment-data,smb-011814,ifcg,curl_curl_fuzzer_smb,2021-01-18 06:32:40.312937,2021-01-18 12:42:44.780135,5,6300,12522
130,8ba85fd38dfd6aeb1085fa6c8c2afc89c1722a3e,/home/jinsheng/experiment-data,smb-011814,ifcg,curl_curl_fuzzer_smb,2021-01-18 06:32:40.116329,2021-01-18 12:42:44.780135,6,6300,12373
131,8ba85fd38dfd6aeb1085fa6c8c2afc89c1722a3e,/home/jinsheng/experiment-data,smb-011814,ifcg,curl_curl_fuzzer_smb,2021-01-18 06:32:40.276193,2021-01-18 12:42:44.780135,2,6300,12501
132,8ba85fd38dfd6aeb1085fa6c8c2afc89c1722a3e,/home/jinsheng/experiment-data,smb-011814,libfuzzer,curl_curl_fuzzer_smb,2021-01-18 06:32:40.261902,2021-01-18 12:42:44.780135,11,6300,12495
133,8ba85fd38dfd6aeb1085fa6c8c2afc89c1722a3e,/home/jinsheng/experiment-data,smb-011814,libfuzzer,curl_curl_fuzzer_smb,2021-01-18 06:32:40.187836,2021-01-18 12:42:44.780135,17,6300,7685
134,8ba85fd38dfd6aeb1085fa6c8c2afc89c1722a3e,/home/jinsheng/experiment-data,smb-011814,ifcg,curl_curl_fuzzer_smb,2021-01-18 06:32:40.352875,2021-01-18 12:42:44.780135,10,6300,7685
135,8ba85fd38dfd6aeb1085fa6c8c2afc89c1722a3e,/home/jinsheng/experiment-data,smb-011814,ifcg,curl_curl_fuzzer_smb,2021-01-18 06:32:40.220099,2021-01-18 12:42:44.780135,7,6300,12378
136,8ba85fd38dfd6aeb1085fa6c8c2afc89c1722a3e,/home/jinsheng/experiment-data,smb-011814,libfuzzer,curl_curl_fuzzer_smb,2021-01-18 06:32:40.239339,2021-01-18 12:42:44.780135,20,6300,7749
137,8ba85fd38dfd6aeb1085fa6c8c2afc89c1722a3e,/home/jinsheng/experiment-data,smb-011814,libfuzzer,curl_curl_fuzzer_smb,2021-01-18 06:32:40.236269,2021-01-18 12:42:44.780135,13,6300,7731
138,8ba85fd38dfd6aeb1085fa6c8c2afc89c1722a3e,/home/jinsheng/experiment-data,smb-011814,ifcg,curl_curl_fuzzer_smb,2021-01-18 06:32:40.323608,2021-01-18 12:42:44.780135,3,6300,12307
139,8ba85fd38dfd6aeb1085fa6c8c2afc89c1722a3e,/home/jinsheng/experiment-data,smb-011814,ifcg,curl_curl_fuzzer_smb,2021-01-18 06:32:40.312053,2021-01-18 12:42:44.780135,4,6300,12596
140,8ba85fd38dfd6aeb1085fa6c8c2afc89c1722a3e,/home/jinsheng/experiment-data,smb-011814,ifcg,curl_curl_fuzzer_smb,2021-01-18 06:32:40.272142,2021-01-18 12:42:44.780135,9,7200,12692
141,8ba85fd38dfd6aeb1085fa6c8c2afc89c1722a3e,/home/jinsheng/experiment-data,smb-011814,libfuzzer,curl_curl_fuzzer_smb,2021-01-18 06:32:40.273411,2021-01-18 12:42:44.780135,12,7200,12613
142,8ba85fd38dfd6aeb1085fa6c8c2afc89c1722a3e,/home/jinsheng/experiment-data,smb-011814,ifcg,curl_curl_fuzzer_smb,2021-01-18 06:32:40.083715,2021-01-18 12:42:44.780135,8,7200,12457
143,8ba85fd38dfd6aeb1085fa6c8c2afc89c1722a3e,/home/jinsheng/experiment-data,smb-011814,libfuzzer,curl_curl_fuzzer_smb,2021-01-18 06:32:40.243416,2021-01-18 12:42:44.780135,16,7200,12522
144,8ba85fd38dfd6aeb1085fa6c8c2afc89c1722a3e,/home/jinsheng/experiment-data,smb-011814,libfuzzer,curl_curl_fuzzer_smb,2021-01-18 06:32:40.284577,2021-01-18 12:42:44.780135,14,7200,12546
145,8ba85fd38dfd6aeb1085fa6c8c2afc89c1722a3e,/home/jinsheng/experiment-data,smb-011814,ifcg,curl_curl_fuzzer_smb,2021-01-18 06:32:40.312937,2021-01-18 12:42:44.780135,5,7200,12525
146,8ba85fd38dfd6aeb1085fa6c8c2afc89c1722a3e,/home/jinsheng/experiment-data,smb-011814,ifcg,curl_curl_fuzzer_smb,2021-01-18 06:32:40.199680,2021-01-18 12:42:44.780135,1,7200,12552
147,8ba85fd38dfd6aeb1085fa6c8c2afc89c1722a3e,/home/jinsheng/experiment-data,smb-011814,libfuzzer,curl_curl_fuzzer_smb,2021-01-18 06:32:40.261902,2021-01-18 12:42:44.780135,11,7200,12495
148,8ba85fd38dfd6aeb1085fa6c8c2afc89c1722a3e,/home/jinsheng/experiment-data,smb-011814,ifcg,curl_curl_fuzzer_smb,2021-01-18 06:32:40.276193,2021-01-18 12:42:44.780135,2,7200,12501
149,8ba85fd38dfd6aeb1085fa6c8c2afc89c1722a3e,/home/jinsheng/experiment-data,smb-011814,libfuzzer,curl_curl_fuzzer_smb,2021-01-18 06:32:40.187836,2021-01-18 12:42:44.780135,17,7200,7686
150,8ba85fd38dfd6aeb1085fa6c8c2afc89c1722a3e,/home/jinsheng/experiment-data,smb-011814,libfuzzer,curl_curl_fuzzer_smb,2021-01-18 06:32:40.320677,2021-01-18 12:42:44.780135,19,7200,12556
151,8ba85fd38dfd6aeb1085fa6c8c2afc89c1722a3e,/home/jinsheng/experiment-data,smb-011814,ifcg,curl_curl_fuzzer_smb,2021-01-18 06:32:40.352875,2021-01-18 12:42:44.780135,10,7200,7685
152,8ba85fd38dfd6aeb1085fa6c8c2afc89c1722a3e,/home/jinsheng/experiment-data,smb-011814,libfuzzer,curl_curl_fuzzer_smb,2021-01-18 06:32:40.236269,2021-01-18 12:42:44.780135,13,7200,7735
153,8ba85fd38dfd6aeb1085fa6c8c2afc89c1722a3e,/home/jinsheng/experiment-data,smb-011814,ifcg,curl_curl_fuzzer_smb,2021-01-18 06:32:40.116329,2021-01-18 12:42:44.780135,6,7200,12378
154,8ba85fd38dfd6aeb1085fa6c8c2afc89c1722a3e,/home/jinsheng/experiment-data,smb-011814,ifcg,curl_curl_fuzzer_smb,2021-01-18 06:32:40.220099,2021-01-18 12:42:44.780135,7,7200,12378
155,8ba85fd38dfd6aeb1085fa6c8c2afc89c1722a3e,/home/jinsheng/experiment-data,smb-011814,libfuzzer,curl_curl_fuzzer_smb,2021-01-18 06:32:40.157191,2021-01-18 12:42:44.780135,18,7200,7721
156,8ba85fd38dfd6aeb1085fa6c8c2afc89c1722a3e,/home/jinsheng/experiment-data,smb-011814,ifcg,curl_curl_fuzzer_smb,2021-01-18 06:32:40.312053,2021-01-18 12:42:44.780135,4,7200,12596
157,8ba85fd38dfd6aeb1085fa6c8c2afc89c1722a3e,/home/jinsheng/experiment-data,smb-011814,libfuzzer,curl_curl_fuzzer_smb,2021-01-18 06:32:40.239339,2021-01-18 12:42:44.780135,20,7200,7749
158,8ba85fd38dfd6aeb1085fa6c8c2afc89c1722a3e,/home/jinsheng/experiment-data,smb-011814,libfuzzer,curl_curl_fuzzer_smb,2021-01-18 06:32:40.043327,2021-01-18 12:42:44.780135,15,7200,12576
159,8ba85fd38dfd6aeb1085fa6c8c2afc89c1722a3e,/home/jinsheng/experiment-data,smb-011814,ifcg,curl_curl_fuzzer_smb,2021-01-18 06:32:40.323608,2021-01-18 12:42:44.780135,3,7200,12308
160,8ba85fd38dfd6aeb1085fa6c8c2afc89c1722a3e,/home/jinsheng/experiment-data,smb-011814,libfuzzer,curl_curl_fuzzer_smb,2021-01-18 06:32:40.284577,2021-01-18 12:42:44.780135,14,8100,12550
161,8ba85fd38dfd6aeb1085fa6c8c2afc89c1722a3e,/home/jinsheng/experiment-data,smb-011814,ifcg,curl_curl_fuzzer_smb,2021-01-18 06:32:40.272142,2021-01-18 12:42:44.780135,9,8100,12692
162,8ba85fd38dfd6aeb1085fa6c8c2afc89c1722a3e,/home/jinsheng/experiment-data,smb-011814,ifcg,curl_curl_fuzzer_smb,2021-01-18 06:32:40.276193,2021-01-18 12:42:44.780135,2,8100,12501
163,8ba85fd38dfd6aeb1085fa6c8c2afc89c1722a3e,/home/jinsheng/experiment-data,smb-011814,ifcg,curl_curl_fuzzer_smb,2021-01-18 06:32:40.199680,2021-01-18 12:42:44.780135,1,8100,12635
164,8ba85fd38dfd6aeb1085fa6c8c2afc89c1722a3e,/home/jinsheng/experiment-data,smb-011814,ifcg,curl_curl_fuzzer_smb,2021-01-18 06:32:40.323608,2021-01-18 12:42:44.780135,3,8100,12308
165,8ba85fd38dfd6aeb1085fa6c8c2afc89c1722a3e,/home/jinsheng/experiment-data,smb-011814,ifcg,curl_curl_fuzzer_smb,2021-01-18 06:32:40.116329,2021-01-18 12:42:44.780135,6,8100,12379
166,8ba85fd38dfd6aeb1085fa6c8c2afc89c1722a3e,/home/jinsheng/experiment-data,smb-011814,ifcg,curl_curl_fuzzer_smb,2021-01-18 06:32:40.352875,2021-01-18 12:42:44.780135,10,8100,7687
167,8ba85fd38dfd6aeb1085fa6c8c2afc89c1722a3e,/home/jinsheng/experiment-data,smb-011814,ifcg,curl_curl_fuzzer_smb,2021-01-18 06:32:40.312937,2021-01-18 12:42:44.780135,5,8100,12566
168,8ba85fd38dfd6aeb1085fa6c8c2afc89c1722a3e,/home/jinsheng/experiment-data,smb-011814,libfuzzer,curl_curl_fuzzer_smb,2021-01-18 06:32:40.273411,2021-01-18 12:42:44.780135,12,8100,13037
169,8ba85fd38dfd6aeb1085fa6c8c2afc89c1722a3e,/home/jinsheng/experiment-data,smb-011814,ifcg,curl_curl_fuzzer_smb,2021-01-18 06:32:40.083715,2021-01-18 12:42:44.780135,8,8100,12546
170,8ba85fd38dfd6aeb1085fa6c8c2afc89c1722a3e,/home/jinsheng/experiment-data,smb-011814,libfuzzer,curl_curl_fuzzer_smb,2021-01-18 06:32:40.261902,2021-01-18 12:42:44.780135,11,8100,12502
171,8ba85fd38dfd6aeb1085fa6c8c2afc89c1722a3e,/home/jinsheng/experiment-data,smb-011814,libfuzzer,curl_curl_fuzzer_smb,2021-01-18 06:32:40.243416,2021-01-18 12:42:44.780135,16,8100,12549
172,8ba85fd38dfd6aeb1085fa6c8c2afc89c1722a3e,/home/jinsheng/experiment-data,smb-011814,ifcg,curl_curl_fuzzer_smb,2021-01-18 06:32:40.220099,2021-01-18 12:42:44.780135,7,8100,12378
173,8ba85fd38dfd6aeb1085fa6c8c2afc89c1722a3e,/home/jinsheng/experiment-data,smb-011814,ifcg,curl_curl_fuzzer_smb,2021-01-18 06:32:40.312053,2021-01-18 12:42:44.780135,4,8100,12599
174,8ba85fd38dfd6aeb1085fa6c8c2afc89c1722a3e,/home/jinsheng/experiment-data,smb-011814,libfuzzer,curl_curl_fuzzer_smb,2021-01-18 06:32:40.157191,2021-01-18 12:42:44.780135,18,8100,7721
175,8ba85fd38dfd6aeb1085fa6c8c2afc89c1722a3e,/home/jinsheng/experiment-data,smb-011814,libfuzzer,curl_curl_fuzzer_smb,2021-01-18 06:32:40.187836,2021-01-18 12:42:44.780135,17,8100,7702
176,8ba85fd38dfd6aeb1085fa6c8c2afc89c1722a3e,/home/jinsheng/experiment-data,smb-011814,libfuzzer,curl_curl_fuzzer_smb,2021-01-18 06:32:40.236269,2021-01-18 12:42:44.780135,13,8100,7749
177,8ba85fd38dfd6aeb1085fa6c8c2afc89c1722a3e,/home/jinsheng/experiment-data,smb-011814,libfuzzer,curl_curl_fuzzer_smb,2021-01-18 06:32:40.320677,2021-01-18 12:42:44.780135,19,8100,12556
178,8ba85fd38dfd6aeb1085fa6c8c2afc89c1722a3e,/home/jinsheng/experiment-data,smb-011814,libfuzzer,curl_curl_fuzzer_smb,2021-01-18 06:32:40.239339,2021-01-18 12:42:44.780135,20,8100,7765
179,8ba85fd38dfd6aeb1085fa6c8c2afc89c1722a3e,/home/jinsheng/experiment-data,smb-011814,libfuzzer,curl_curl_fuzzer_smb,2021-01-18 06:32:40.043327,2021-01-18 12:42:44.780135,15,8100,12577
180,8ba85fd38dfd6aeb1085fa6c8c2afc89c1722a3e,/home/jinsheng/experiment-data,smb-011814,ifcg,curl_curl_fuzzer_smb,2021-01-18 06:32:40.276193,2021-01-18 12:42:44.780135,2,9000,12505
181,8ba85fd38dfd6aeb1085fa6c8c2afc89c1722a3e,/home/jinsheng/experiment-data,smb-011814,ifcg,curl_curl_fuzzer_smb,2021-01-18 06:32:40.272142,2021-01-18 12:42:44.780135,9,9000,12699
182,8ba85fd38dfd6aeb1085fa6c8c2afc89c1722a3e,/home/jinsheng/experiment-data,smb-011814,libfuzzer,curl_curl_fuzzer_smb,2021-01-18 06:32:40.284577,2021-01-18 12:42:44.780135,14,9000,12550
183,8ba85fd38dfd6aeb1085fa6c8c2afc89c1722a3e,/home/jinsheng/experiment-data,smb-011814,ifcg,curl_curl_fuzzer_smb,2021-01-18 06:32:40.199680,2021-01-18 12:42:44.780135,1,9000,12640
184,8ba85fd38dfd6aeb1085fa6c8c2afc89c1722a3e,/home/jinsheng/experiment-data,smb-011814,libfuzzer,curl_curl_fuzzer_smb,2021-01-18 06:32:40.243416,2021-01-18 12:42:44.780135,16,9000,12549
185,8ba85fd38dfd6aeb1085fa6c8c2afc89c1722a3e,/home/jinsheng/experiment-data,smb-011814,libfuzzer,curl_curl_fuzzer_smb,2021-01-18 06:32:40.320677,2021-01-18 12:42:44.780135,19,9000,12556
186,8ba85fd38dfd6aeb1085fa6c8c2afc89c1722a3e,/home/jinsheng/experiment-data,smb-011814,libfuzzer,curl_curl_fuzzer_smb,2021-01-18 06:32:40.157191,2021-01-18 12:42:44.780135,18,9000,7722
187,8ba85fd38dfd6aeb1085fa6c8c2afc89c1722a3e,/home/jinsheng/experiment-data,smb-011814,ifcg,curl_curl_fuzzer_smb,2021-01-18 06:32:40.116329,2021-01-18 12:42:44.780135,6,9000,12379
188,8ba85fd38dfd6aeb1085fa6c8c2afc89c1722a3e,/home/jinsheng/experiment-data,smb-011814,libfuzzer,curl_curl_fuzzer_smb,2021-01-18 06:32:40.261902,2021-01-18 12:42:44.780135,11,9000,12502
189,8ba85fd38dfd6aeb1085fa6c8c2afc89c1722a3e,/home/jinsheng/experiment-data,smb-011814,libfuzzer,curl_curl_fuzzer_smb,2021-01-18 06:32:40.273411,2021-01-18 12:42:44.780135,12,9000,13037
190,8ba85fd38dfd6aeb1085fa6c8c2afc89c1722a3e,/home/jinsheng/experiment-data,smb-011814,ifcg,curl_curl_fuzzer_smb,2021-01-18 06:32:40.312937,2021-01-18 12:42:44.780135,5,9000,12585
191,8ba85fd38dfd6aeb1085fa6c8c2afc89c1722a3e,/home/jinsheng/experiment-data,smb-011814,ifcg,curl_curl_fuzzer_smb,2021-01-18 06:32:40.220099,2021-01-18 12:42:44.780135,7,9000,12381
192,8ba85fd38dfd6aeb1085fa6c8c2afc89c1722a3e,/home/jinsheng/experiment-data,smb-011814,libfuzzer,curl_curl_fuzzer_smb,2021-01-18 06:32:40.236269,2021-01-18 12:42:44.780135,13,9000,7749
193,8ba85fd38dfd6aeb1085fa6c8c2afc89c1722a3e,/home/jinsheng/experiment-data,smb-011814,ifcg,curl_curl_fuzzer_smb,2021-01-18 06:32:40.312053,2021-01-18 12:42:44.780135,4,9000,12599
194,8ba85fd38dfd6aeb1085fa6c8c2afc89c1722a3e,/home/jinsheng/experiment-data,smb-011814,libfuzzer,curl_curl_fuzzer_smb,2021-01-18 06:32:40.187836,2021-01-18 12:42:44.780135,17,9000,7719
195,8ba85fd38dfd6aeb1085fa6c8c2afc89c1722a3e,/home/jinsheng/experiment-data,smb-011814,ifcg,curl_curl_fuzzer_smb,2021-01-18 06:32:40.323608,2021-01-18 12:42:44.780135,3,9000,12346
196,8ba85fd38dfd6aeb1085fa6c8c2afc89c1722a3e,/home/jinsheng/experiment-data,smb-011814,ifcg,curl_curl_fuzzer_smb,2021-01-18 06:32:40.352875,2021-01-18 12:42:44.780135,10,9000,7713
197,8ba85fd38dfd6aeb1085fa6c8c2afc89c1722a3e,/home/jinsheng/experiment-data,smb-011814,libfuzzer,curl_curl_fuzzer_smb,2021-01-18 06:32:40.239339,2021-01-18 12:42:44.780135,20,9000,7769
198,8ba85fd38dfd6aeb1085fa6c8c2afc89c1722a3e,/home/jinsheng/experiment-data,smb-011814,libfuzzer,curl_curl_fuzzer_smb,2021-01-18 06:32:40.043327,2021-01-18 12:42:44.780135,15,9000,12577
199,8ba85fd38dfd6aeb1085fa6c8c2afc89c1722a3e,/home/jinsheng/experiment-data,smb-011814,ifcg,curl_curl_fuzzer_smb,2021-01-18 06:32:40.083715,2021-01-18 12:42:44.780135,8,9000,12551
200,8ba85fd38dfd6aeb1085fa6c8c2afc89c1722a3e,/home/jinsheng/experiment-data,smb-011814,ifcg,curl_curl_fuzzer_smb,2021-01-18 06:32:40.312937,2021-01-18 12:42:44.780135,5,9900,12585
201,8ba85fd38dfd6aeb1085fa6c8c2afc89c1722a3e,/home/jinsheng/experiment-data,smb-011814,ifcg,curl_curl_fuzzer_smb,2021-01-18 06:32:40.272142,2021-01-18 12:42:44.780135,9,9900,12699
202,8ba85fd38dfd6aeb1085fa6c8c2afc89c1722a3e,/home/jinsheng/experiment-data,smb-011814,libfuzzer,curl_curl_fuzzer_smb,2021-01-18 06:32:40.273411,2021-01-18 12:42:44.780135,12,9900,13037
203,8ba85fd38dfd6aeb1085fa6c8c2afc89c1722a3e,/home/jinsheng/experiment-data,smb-011814,ifcg,curl_curl_fuzzer_smb,2021-01-18 06:32:40.199680,2021-01-18 12:42:44.780135,1,9900,12657
204,8ba85fd38dfd6aeb1085fa6c8c2afc89c1722a3e,/home/jinsheng/experiment-data,smb-011814,libfuzzer,curl_curl_fuzzer_smb,2021-01-18 06:32:40.243416,2021-01-18 12:42:44.780135,16,9900,12549
205,8ba85fd38dfd6aeb1085fa6c8c2afc89c1722a3e,/home/jinsheng/experiment-data,smb-011814,ifcg,curl_curl_fuzzer_smb,2021-01-18 06:32:40.116329,2021-01-18 12:42:44.780135,6,9900,12379
206,8ba85fd38dfd6aeb1085fa6c8c2afc89c1722a3e,/home/jinsheng/experiment-data,smb-011814,libfuzzer,curl_curl_fuzzer_smb,2021-01-18 06:32:40.320677,2021-01-18 12:42:44.780135,19,9900,12556
207,8ba85fd38dfd6aeb1085fa6c8c2afc89c1722a3e,/home/jinsheng/experiment-data,smb-011814,libfuzzer,curl_curl_fuzzer_smb,2021-01-18 06:32:40.284577,2021-01-18 12:42:44.780135,14,9900,12550
208,8ba85fd38dfd6aeb1085fa6c8c2afc89c1722a3e,/home/jinsheng/experiment-data,smb-011814,ifcg,curl_curl_fuzzer_smb,2021-01-18 06:32:40.276193,2021-01-18 12:42:44.780135,2,9900,12505
209,8ba85fd38dfd6aeb1085fa6c8c2afc89c1722a3e,/home/jinsheng/experiment-data,smb-011814,libfuzzer,curl_curl_fuzzer_smb,2021-01-18 06:32:40.157191,2021-01-18 12:42:44.780135,18,9900,12499
210,8ba85fd38dfd6aeb1085fa6c8c2afc89c1722a3e,/home/jinsheng/experiment-data,smb-011814,libfuzzer,curl_curl_fuzzer_smb,2021-01-18 06:32:40.261902,2021-01-18 12:42:44.780135,11,9900,12518
211,8ba85fd38dfd6aeb1085fa6c8c2afc89c1722a3e,/home/jinsheng/experiment-data,smb-011814,ifcg,curl_curl_fuzzer_smb,2021-01-18 06:32:40.323608,2021-01-18 12:42:44.780135,3,9900,12346
212,8ba85fd38dfd6aeb1085fa6c8c2afc89c1722a3e,/home/jinsheng/experiment-data,smb-011814,ifcg,curl_curl_fuzzer_smb,2021-01-18 06:32:40.312053,2021-01-18 12:42:44.780135,4,9900,12600
213,8ba85fd38dfd6aeb1085fa6c8c2afc89c1722a3e,/home/jinsheng/experiment-data,smb-011814,libfuzzer,curl_curl_fuzzer_smb,2021-01-18 06:32:40.239339,2021-01-18 12:42:44.780135,20,9900,7770
214,8ba85fd38dfd6aeb1085fa6c8c2afc89c1722a3e,/home/jinsheng/experiment-data,smb-011814,libfuzzer,curl_curl_fuzzer_smb,2021-01-18 06:32:40.187836,2021-01-18 12:42:44.780135,17,9900,7720
215,8ba85fd38dfd6aeb1085fa6c8c2afc89c1722a3e,/home/jinsheng/experiment-data,smb-011814,libfuzzer,curl_curl_fuzzer_smb,2021-01-18 06:32:40.043327,2021-01-18 12:42:44.780135,15,9900,12577
216,8ba85fd38dfd6aeb1085fa6c8c2afc89c1722a3e,/home/jinsheng/experiment-data,smb-011814,ifcg,curl_curl_fuzzer_smb,2021-01-18 06:32:40.220099,2021-01-18 12:42:44.780135,7,9900,12381
217,8ba85fd38dfd6aeb1085fa6c8c2afc89c1722a3e,/home/jinsheng/experiment-data,smb-011814,ifcg,curl_curl_fuzzer_smb,2021-01-18 06:32:40.352875,2021-01-18 12:42:44.780135,10,9900,7740
218,8ba85fd38dfd6aeb1085fa6c8c2afc89c1722a3e,/home/jinsheng/experiment-data,smb-011814,libfuzzer,curl_curl_fuzzer_smb,2021-01-18 06:32:40.236269,2021-01-18 12:42:44.780135,13,9900,7766
219,8ba85fd38dfd6aeb1085fa6c8c2afc89c1722a3e,/home/jinsheng/experiment-data,smb-011814,ifcg,curl_curl_fuzzer_smb,2021-01-18 06:32:40.083715,2021-01-18 12:42:44.780135,8,9900,12563
220,8ba85fd38dfd6aeb1085fa6c8c2afc89c1722a3e,/home/jinsheng/experiment-data,smb-011814,libfuzzer,curl_curl_fuzzer_smb,2021-01-18 06:32:40.157191,2021-01-18 12:42:44.780135,18,10800,12501
221,8ba85fd38dfd6aeb1085fa6c8c2afc89c1722a3e,/home/jinsheng/experiment-data,smb-011814,libfuzzer,curl_curl_fuzzer_smb,2021-01-18 06:32:40.043327,2021-01-18 12:42:44.780135,15,10800,12578
222,8ba85fd38dfd6aeb1085fa6c8c2afc89c1722a3e,/home/jinsheng/experiment-data,smb-011814,ifcg,curl_curl_fuzzer_smb,2021-01-18 06:32:40.199680,2021-01-18 12:42:44.780135,1,10800,12669
223,8ba85fd38dfd6aeb1085fa6c8c2afc89c1722a3e,/home/jinsheng/experiment-data,smb-011814,libfuzzer,curl_curl_fuzzer_smb,2021-01-18 06:32:40.243416,2021-01-18 12:42:44.780135,16,10800,12551
224,8ba85fd38dfd6aeb1085fa6c8c2afc89c1722a3e,/home/jinsheng/experiment-data,smb-011814,ifcg,curl_curl_fuzzer_smb,2021-01-18 06:32:40.272142,2021-01-18 12:42:44.780135,9,10800,12699
225,8ba85fd38dfd6aeb1085fa6c8c2afc89c1722a3e,/home/jinsheng/experiment-data,smb-011814,ifcg,curl_curl_fuzzer_smb,2021-01-18 06:32:40.312053,2021-01-18 12:42:44.780135,4,10800,12600
226,8ba85fd38dfd6aeb1085fa6c8c2afc89c1722a3e,/home/jinsheng/experiment-data,smb-011814,libfuzzer,curl_curl_fuzzer_smb,2021-01-18 06:32:40.187836,2021-01-18 12:42:44.780135,17,10800,7722
227,8ba85fd38dfd6aeb1085fa6c8c2afc89c1722a3e,/home/jinsheng/experiment-data,smb-011814,libfuzzer,curl_curl_fuzzer_smb,2021-01-18 06:32:40.273411,2021-01-18 12:42:44.780135,12,10800,13039
228,8ba85fd38dfd6aeb1085fa6c8c2afc89c1722a3e,/home/jinsheng/experiment-data,smb-011814,libfuzzer,curl_curl_fuzzer_smb,2021-01-18 06:32:40.284577,2021-01-18 12:42:44.780135,14,10800,12551
229,8ba85fd38dfd6aeb1085fa6c8c2afc89c1722a3e,/home/jinsheng/experiment-data,smb-011814,libfuzzer,curl_curl_fuzzer_smb,2021-01-18 06:32:40.261902,2021-01-18 12:42:44.780135,11,10800,12518
230,8ba85fd38dfd6aeb1085fa6c8c2afc89c1722a3e,/home/jinsheng/experiment-data,smb-011814,ifcg,curl_curl_fuzzer_smb,2021-01-18 06:32:40.276193,2021-01-18 12:42:44.780135,2,10800,12515
231,8ba85fd38dfd6aeb1085fa6c8c2afc89c1722a3e,/home/jinsheng/experiment-data,smb-011814,ifcg,curl_curl_fuzzer_smb,2021-01-18 06:32:40.352875,2021-01-18 12:42:44.780135,10,10800,7759
232,8ba85fd38dfd6aeb1085fa6c8c2afc89c1722a3e,/home/jinsheng/experiment-data,smb-011814,ifcg,curl_curl_fuzzer_smb,2021-01-18 06:32:40.220099,2021-01-18 12:42:44.780135,7,10800,12400
233,8ba85fd38dfd6aeb1085fa6c8c2afc89c1722a3e,/home/jinsheng/experiment-data,smb-011814,ifcg,curl_curl_fuzzer_smb,2021-01-18 06:32:40.312937,2021-01-18 12:42:44.780135,5,10800,12585
234,8ba85fd38dfd6aeb1085fa6c8c2afc89c1722a3e,/home/jinsheng/experiment-data,smb-011814,ifcg,curl_curl_fuzzer_smb,2021-01-18 06:32:40.116329,2021-01-18 12:42:44.780135,6,10800,12380
235,8ba85fd38dfd6aeb1085fa6c8c2afc89c1722a3e,/home/jinsheng/experiment-data,smb-011814,libfuzzer,curl_curl_fuzzer_smb,2021-01-18 06:32:40.320677,2021-01-18 12:42:44.780135,19,10800,12556
236,8ba85fd38dfd6aeb1085fa6c8c2afc89c1722a3e,/home/jinsheng/experiment-data,smb-011814,libfuzzer,curl_curl_fuzzer_smb,2021-01-18 06:32:40.236269,2021-01-18 12:42:44.780135,13,10800,7798
237,8ba85fd38dfd6aeb1085fa6c8c2afc89c1722a3e,/home/jinsheng/experiment-data,smb-011814,libfuzzer,curl_curl_fuzzer_smb,2021-01-18 06:32:40.239339,2021-01-18 12:42:44.780135,20,10800,7784
238,8ba85fd38dfd6aeb1085fa6c8c2afc89c1722a3e,/home/jinsheng/experiment-data,smb-011814,ifcg,curl_curl_fuzzer_smb,2021-01-18 06:32:40.323608,2021-01-18 12:42:44.780135,3,10800,12357
239,8ba85fd38dfd6aeb1085fa6c8c2afc89c1722a3e,/home/jinsheng/experiment-data,smb-011814,ifcg,curl_curl_fuzzer_smb,2021-01-18 06:32:40.083715,2021-01-18 12:42:44.780135,8,10800,12563
240,8ba85fd38dfd6aeb1085fa6c8c2afc89c1722a3e,/home/jinsheng/experiment-data,smb-011814,ifcg,curl_curl_fuzzer_smb,2021-01-18 06:32:40.276193,2021-01-18 12:42:44.780135,2,11700,12515
241,8ba85fd38dfd6aeb1085fa6c8c2afc89c1722a3e,/home/jinsheng/experiment-data,smb-011814,libfuzzer,curl_curl_fuzzer_smb,2021-01-18 06:32:40.284577,2021-01-18 12:42:44.780135,14,11700,12562
242,8ba85fd38dfd6aeb1085fa6c8c2afc89c1722a3e,/home/jinsheng/experiment-data,smb-011814,ifcg,curl_curl_fuzzer_smb,2021-01-18 06:32:40.272142,2021-01-18 12:42:44.780135,9,11700,12699
243,8ba85fd38dfd6aeb1085fa6c8c2afc89c1722a3e,/home/jinsheng/experiment-data,smb-011814,libfuzzer,curl_curl_fuzzer_smb,2021-01-18 06:32:40.273411,2021-01-18 12:42:44.780135,12,11700,13041
244,8ba85fd38dfd6aeb1085fa6c8c2afc89c1722a3e,/home/jinsheng/experiment-data,smb-011814,ifcg,curl_curl_fuzzer_smb,2021-01-18 06:32:40.312937,2021-01-18 12:42:44.780135,5,11700,12588
245,8ba85fd38dfd6aeb1085fa6c8c2afc89c1722a3e,/home/jinsheng/experiment-data,smb-011814,ifcg,curl_curl_fuzzer_smb,2021-01-18 06:32:40.312053,2021-01-18 12:42:44.780135,4,11700,12602
246,8ba85fd38dfd6aeb1085fa6c8c2afc89c1722a3e,/home/jinsheng/experiment-data,smb-011814,libfuzzer,curl_curl_fuzzer_smb,2021-01-18 06:32:40.243416,2021-01-18 12:42:44.780135,16,11700,12553
247,8ba85fd38dfd6aeb1085fa6c8c2afc89c1722a3e,/home/jinsheng/experiment-data,smb-011814,ifcg,curl_curl_fuzzer_smb,2021-01-18 06:32:40.199680,2021-01-18 12:42:44.780135,1,11700,12680
248,8ba85fd38dfd6aeb1085fa6c8c2afc89c1722a3e,/home/jinsheng/experiment-data,smb-011814,libfuzzer,curl_curl_fuzzer_smb,2021-01-18 06:32:40.043327,2021-01-18 12:42:44.780135,15,11700,12578
249,8ba85fd38dfd6aeb1085fa6c8c2afc89c1722a3e,/home/jinsheng/experiment-data,smb-011814,ifcg,curl_curl_fuzzer_smb,2021-01-18 06:32:40.323608,2021-01-18 12:42:44.780135,3,11700,12357
250,8ba85fd38dfd6aeb1085fa6c8c2afc89c1722a3e,/home/jinsheng/experiment-data,smb-011814,libfuzzer,curl_curl_fuzzer_smb,2021-01-18 06:32:40.236269,2021-01-18 12:42:44.780135,13,11700,7804
251,8ba85fd38dfd6aeb1085fa6c8c2afc89c1722a3e,/home/jinsheng/experiment-data,smb-011814,libfuzzer,curl_curl_fuzzer_smb,2021-01-18 06:32:40.261902,2021-01-18 12:42:44.780135,11,11700,12518
252,8ba85fd38dfd6aeb1085fa6c8c2afc89c1722a3e,/home/jinsheng/experiment-data,smb-011814,ifcg,curl_curl_fuzzer_smb,2021-01-18 06:32:40.220099,2021-01-18 12:42:44.780135,7,11700,12415
253,8ba85fd38dfd6aeb1085fa6c8c2afc89c1722a3e,/home/jinsheng/experiment-data,smb-011814,libfuzzer,curl_curl_fuzzer_smb,2021-01-18 06:32:40.157191,2021-01-18 12:42:44.780135,18,11700,12512
254,8ba85fd38dfd6aeb1085fa6c8c2afc89c1722a3e,/home/jinsheng/experiment-data,smb-011814,ifcg,curl_curl_fuzzer_smb,2021-01-18 06:32:40.116329,2021-01-18 12:42:44.780135,6,11700,12380
255,8ba85fd38dfd6aeb1085fa6c8c2afc89c1722a3e,/home/jinsheng/experiment-data,smb-011814,libfuzzer,curl_curl_fuzzer_smb,2021-01-18 06:32:40.320677,2021-01-18 12:42:44.780135,19,11700,12556
256,8ba85fd38dfd6aeb1085fa6c8c2afc89c1722a3e,/home/jinsheng/experiment-data,smb-011814,ifcg,curl_curl_fuzzer_smb,2021-01-18 06:32:40.352875,2021-01-18 12:42:44.780135,10,11700,7760
257,8ba85fd38dfd6aeb1085fa6c8c2afc89c1722a3e,/home/jinsheng/experiment-data,smb-011814,libfuzzer,curl_curl_fuzzer_smb,2021-01-18 06:32:40.187836,2021-01-18 12:42:44.780135,17,11700,7725
258,8ba85fd38dfd6aeb1085fa6c8c2afc89c1722a3e,/home/jinsheng/experiment-data,smb-011814,libfuzzer,curl_curl_fuzzer_smb,2021-01-18 06:32:40.239339,2021-01-18 12:42:44.780135,20,11700,7784
259,8ba85fd38dfd6aeb1085fa6c8c2afc89c1722a3e,/home/jinsheng/experiment-data,smb-011814,ifcg,curl_curl_fuzzer_smb,2021-01-18 06:32:40.083715,2021-01-18 12:42:44.780135,8,11700,12563
260,8ba85fd38dfd6aeb1085fa6c8c2afc89c1722a3e,/home/jinsheng/experiment-data,smb-011814,libfuzzer,curl_curl_fuzzer_smb,2021-01-18 06:32:40.261902,2021-01-18 12:42:44.780135,11,12600,12518
261,8ba85fd38dfd6aeb1085fa6c8c2afc89c1722a3e,/home/jinsheng/experiment-data,smb-011814,ifcg,curl_curl_fuzzer_smb,2021-01-18 06:32:40.272142,2021-01-18 12:42:44.780135,9,12600,12699
262,8ba85fd38dfd6aeb1085fa6c8c2afc89c1722a3e,/home/jinsheng/experiment-data,smb-011814,libfuzzer,curl_curl_fuzzer_smb,2021-01-18 06:32:40.273411,2021-01-18 12:42:44.780135,12,12600,13041
263,8ba85fd38dfd6aeb1085fa6c8c2afc89c1722a3e,/home/jinsheng/experiment-data,smb-011814,libfuzzer,curl_curl_fuzzer_smb,2021-01-18 06:32:40.043327,2021-01-18 12:42:44.780135,15,12600,12579
264,8ba85fd38dfd6aeb1085fa6c8c2afc89c1722a3e,/home/jinsheng/experiment-data,smb-011814,libfuzzer,curl_curl_fuzzer_smb,2021-01-18 06:32:40.243416,2021-01-18 12:42:44.780135,16,12600,12554
265,8ba85fd38dfd6aeb1085fa6c8c2afc89c1722a3e,/home/jinsheng/experiment-data,smb-011814,ifcg,curl_curl_fuzzer_smb,2021-01-18 06:32:40.323608,2021-01-18 12:42:44.780135,3,12600,12357
266,8ba85fd38dfd6aeb1085fa6c8c2afc89c1722a3e,/home/jinsheng/experiment-data,smb-011814,libfuzzer,curl_curl_fuzzer_smb,2021-01-18 06:32:40.187836,2021-01-18 12:42:44.780135,17,12600,7725
267,8ba85fd38dfd6aeb1085fa6c8c2afc89c1722a3e,/home/jinsheng/experiment-data,smb-011814,ifcg,curl_curl_fuzzer_smb,2021-01-18 06:32:40.199680,2021-01-18 12:42:44.780135,1,12600,12681
268,8ba85fd38dfd6aeb1085fa6c8c2afc89c1722a3e,/home/jinsheng/experiment-data,smb-011814,ifcg,curl_curl_fuzzer_smb,2021-01-18 06:32:40.312053,2021-01-18 12:42:44.780135,4,12600,12603
269,8ba85fd38dfd6aeb1085fa6c8c2afc89c1722a3e,/home/jinsheng/experiment-data,smb-011814,libfuzzer,curl_curl_fuzzer_smb,2021-01-18 06:32:40.284577,2021-01-18 12:42:44.780135,14,12600,12562
270,8ba85fd38dfd6aeb1085fa6c8c2afc89c1722a3e,/home/jinsheng/experiment-data,smb-011814,libfuzzer,curl_curl_fuzzer_smb,2021-01-18 06:32:40.236269,2021-01-18 12:42:44.780135,13,12600,7804
271,8ba85fd38dfd6aeb1085fa6c8c2afc89c1722a3e,/home/jinsheng/experiment-data,smb-011814,libfuzzer,curl_curl_fuzzer_smb,2021-01-18 06:32:40.320677,2021-01-18 12:42:44.780135,19,12600,12556
272,8ba85fd38dfd6aeb1085fa6c8c2afc89c1722a3e,/home/jinsheng/experiment-data,smb-011814,ifcg,curl_curl_fuzzer_smb,2021-01-18 06:32:40.116329,2021-01-18 12:42:44.780135,6,12600,12396
273,8ba85fd38dfd6aeb1085fa6c8c2afc89c1722a3e,/home/jinsheng/experiment-data,smb-011814,libfuzzer,curl_curl_fuzzer_smb,2021-01-18 06:32:40.239339,2021-01-18 12:42:44.780135,20,12600,7800
274,8ba85fd38dfd6aeb1085fa6c8c2afc89c1722a3e,/home/jinsheng/experiment-data,smb-011814,ifcg,curl_curl_fuzzer_smb,2021-01-18 06:32:40.312937,2021-01-18 12:42:44.780135,5,12600,12589
275,8ba85fd38dfd6aeb1085fa6c8c2afc89c1722a3e,/home/jinsheng/experiment-data,smb-011814,ifcg,curl_curl_fuzzer_smb,2021-01-18 06:32:40.220099,2021-01-18 12:42:44.780135,7,12600,12418
276,8ba85fd38dfd6aeb1085fa6c8c2afc89c1722a3e,/home/jinsheng/experiment-data,smb-011814,libfuzzer,curl_curl_fuzzer_smb,2021-01-18 06:32:40.157191,2021-01-18 12:42:44.780135,18,12600,12513
277,8ba85fd38dfd6aeb1085fa6c8c2afc89c1722a3e,/home/jinsheng/experiment-data,smb-011814,ifcg,curl_curl_fuzzer_smb,2021-01-18 06:32:40.276193,2021-01-18 12:42:44.780135,2,12600,12515
278,8ba85fd38dfd6aeb1085fa6c8c2afc89c1722a3e,/home/jinsheng/experiment-data,smb-011814,ifcg,curl_curl_fuzzer_smb,2021-01-18 06:32:40.352875,2021-01-18 12:42:44.780135,10,12600,7761
279,8ba85fd38dfd6aeb1085fa6c8c2afc89c1722a3e,/home/jinsheng/experiment-data,smb-011814,ifcg,curl_curl_fuzzer_smb,2021-01-18 06:32:40.083715,2021-01-18 12:42:44.780135,8,12600,12563
280,8ba85fd38dfd6aeb1085fa6c8c2afc89c1722a3e,/home/jinsheng/experiment-data,smb-011814,libfuzzer,curl_curl_fuzzer_smb,2021-01-18 06:32:40.243416,2021-01-18 12:42:44.780135,16,13500,12556
281,8ba85fd38dfd6aeb1085fa6c8c2afc89c1722a3e,/home/jinsheng/experiment-data,smb-011814,ifcg,curl_curl_fuzzer_smb,2021-01-18 06:32:40.272142,2021-01-18 12:42:44.780135,9,13500,12699
282,8ba85fd38dfd6aeb1085fa6c8c2afc89c1722a3e,/home/jinsheng/experiment-data,smb-011814,libfuzzer,curl_curl_fuzzer_smb,2021-01-18 06:32:40.320677,2021-01-18 12:42:44.780135,19,13500,12556
283,8ba85fd38dfd6aeb1085fa6c8c2afc89c1722a3e,/home/jinsheng/experiment-data,smb-011814,libfuzzer,curl_curl_fuzzer_smb,2021-01-18 06:32:40.273411,2021-01-18 12:42:44.780135,12,13500,13042
284,8ba85fd38dfd6aeb1085fa6c8c2afc89c1722a3e,/home/jinsheng/experiment-data,smb-011814,ifcg,curl_curl_fuzzer_smb,2021-01-18 06:32:40.276193,2021-01-18 12:42:44.780135,2,13500,12516
285,8ba85fd38dfd6aeb1085fa6c8c2afc89c1722a3e,/home/jinsheng/experiment-data,smb-011814,libfuzzer,curl_curl_fuzzer_smb,2021-01-18 06:32:40.261902,2021-01-18 12:42:44.780135,11,13500,12550
286,8ba85fd38dfd6aeb1085fa6c8c2afc89c1722a3e,/home/jinsheng/experiment-data,smb-011814,ifcg,curl_curl_fuzzer_smb,2021-01-18 06:32:40.116329,2021-01-18 12:42:44.780135,6,13500,12412
287,8ba85fd38dfd6aeb1085fa6c8c2afc89c1722a3e,/home/jinsheng/experiment-data,smb-011814,libfuzzer,curl_curl_fuzzer_smb,2021-01-18 06:32:40.284577,2021-01-18 12:42:44.780135,14,13500,12566
288,8ba85fd38dfd6aeb1085fa6c8c2afc89c1722a3e,/home/jinsheng/experiment-data,smb-011814,ifcg,curl_curl_fuzzer_smb,2021-01-18 06:32:40.199680,2021-01-18 12:42:44.780135,1,13500,12681
289,8ba85fd38dfd6aeb1085fa6c8c2afc89c1722a3e,/home/jinsheng/experiment-data,smb-011814,ifcg,curl_curl_fuzzer_smb,2021-01-18 06:32:40.220099,2021-01-18 12:42:44.780135,7,13500,12419
290,8ba85fd38dfd6aeb1085fa6c8c2afc89c1722a3e,/home/jinsheng/experiment-data,smb-011814,libfuzzer,curl_curl_fuzzer_smb,2021-01-18 06:32:40.236269,2021-01-18 12:42:44.780135,13,13500,7821
291,8ba85fd38dfd6aeb1085fa6c8c2afc89c1722a3e,/home/jinsheng/experiment-data,smb-011814,libfuzzer,curl_curl_fuzzer_smb,2021-01-18 06:32:40.239339,2021-01-18 12:42:44.780135,20,13500,7800
292,8ba85fd38dfd6aeb1085fa6c8c2afc89c1722a3e,/home/jinsheng/experiment-data,smb-011814,ifcg,curl_curl_fuzzer_smb,2021-01-18 06:32:40.312053,2021-01-18 12:42:44.780135,4,13500,12603
293,8ba85fd38dfd6aeb1085fa6c8c2afc89c1722a3e,/home/jinsheng/experiment-data,smb-011814,ifcg,curl_curl_fuzzer_smb,2021-01-18 06:32:40.312937,2021-01-18 12:42:44.780135,5,13500,12589
294,8ba85fd38dfd6aeb1085fa6c8c2afc89c1722a3e,/home/jinsheng/experiment-data,smb-011814,libfuzzer,curl_curl_fuzzer_smb,2021-01-18 06:32:40.043327,2021-01-18 12:42:44.780135,15,13500,12579
295,8ba85fd38dfd6aeb1085fa6c8c2afc89c1722a3e,/home/jinsheng/experiment-data,smb-011814,ifcg,curl_curl_fuzzer_smb,2021-01-18 06:32:40.323608,2021-01-18 12:42:44.780135,3,13500,12357
296,8ba85fd38dfd6aeb1085fa6c8c2afc89c1722a3e,/home/jinsheng/experiment-data,smb-011814,ifcg,curl_curl_fuzzer_smb,2021-01-18 06:32:40.352875,2021-01-18 12:42:44.780135,10,13500,7783
297,8ba85fd38dfd6aeb1085fa6c8c2afc89c1722a3e,/home/jinsheng/experiment-data,smb-011814,libfuzzer,curl_curl_fuzzer_smb,2021-01-18 06:32:40.187836,2021-01-18 12:42:44.780135,17,13500,7725
298,8ba85fd38dfd6aeb1085fa6c8c2afc89c1722a3e,/home/jinsheng/experiment-data,smb-011814,libfuzzer,curl_curl_fuzzer_smb,2021-01-18 06:32:40.157191,2021-01-18 12:42:44.780135,18,13500,12517
299,8ba85fd38dfd6aeb1085fa6c8c2afc89c1722a3e,/home/jinsheng/experiment-data,smb-011814,ifcg,curl_curl_fuzzer_smb,2021-01-18 06:32:40.083715,2021-01-18 12:42:44.780135,8,13500,12563
300,8ba85fd38dfd6aeb1085fa6c8c2afc89c1722a3e,/home/jinsheng/experiment-data,smb-011814,ifcg,curl_curl_fuzzer_smb,2021-01-18 06:32:40.199680,2021-01-18 12:42:44.780135,1,14400,12683
301,8ba85fd38dfd6aeb1085fa6c8c2afc89c1722a3e,/home/jinsheng/experiment-data,smb-011814,ifcg,curl_curl_fuzzer_smb,2021-01-18 06:32:40.116329,2021-01-18 12:42:44.780135,6,14400,12416
302,8ba85fd38dfd6aeb1085fa6c8c2afc89c1722a3e,/home/jinsheng/experiment-data,smb-011814,ifcg,curl_curl_fuzzer_smb,2021-01-18 06:32:40.272142,2021-01-18 12:42:44.780135,9,14400,12700
303,8ba85fd38dfd6aeb1085fa6c8c2afc89c1722a3e,/home/jinsheng/experiment-data,smb-011814,libfuzzer,curl_curl_fuzzer_smb,2021-01-18 06:32:40.320677,2021-01-18 12:42:44.780135,19,14400,12556
304,8ba85fd38dfd6aeb1085fa6c8c2afc89c1722a3e,/home/jinsheng/experiment-data,smb-011814,libfuzzer,curl_curl_fuzzer_smb,2021-01-18 06:32:40.243416,2021-01-18 12:42:44.780135,16,14400,12559
305,8ba85fd38dfd6aeb1085fa6c8c2afc89c1722a3e,/home/jinsheng/experiment-data,smb-011814,libfuzzer,curl_curl_fuzzer_smb,2021-01-18 06:32:40.261902,2021-01-18 12:42:44.780135,11,14400,12555
306,8ba85fd38dfd6aeb1085fa6c8c2afc89c1722a3e,/home/jinsheng/experiment-data,smb-011814,libfuzzer,curl_curl_fuzzer_smb,2021-01-18 06:32:40.284577,2021-01-18 12:42:44.780135,14,14400,12566
307,8ba85fd38dfd6aeb1085fa6c8c2afc89c1722a3e,/home/jinsheng/experiment-data,smb-011814,libfuzzer,curl_curl_fuzzer_smb,2021-01-18 06:32:40.273411,2021-01-18 12:42:44.780135,12,14400,13042
308,8ba85fd38dfd6aeb1085fa6c8c2afc89c1722a3e,/home/jinsheng/experiment-data,smb-011814,libfuzzer,curl_curl_fuzzer_smb,2021-01-18 06:32:40.239339,2021-01-18 12:42:44.780135,20,14400,7800
309,8ba85fd38dfd6aeb1085fa6c8c2afc89c1722a3e,/home/jinsheng/experiment-data,smb-011814,ifcg,curl_curl_fuzzer_smb,2021-01-18 06:32:40.276193,2021-01-18 12:42:44.780135,2,14400,12548
310,8ba85fd38dfd6aeb1085fa6c8c2afc89c1722a3e,/home/jinsheng/experiment-data,smb-011814,ifcg,curl_curl_fuzzer_smb,2021-01-18 06:32:40.323608,2021-01-18 12:42:44.780135,3,14400,12358
311,8ba85fd38dfd6aeb1085fa6c8c2afc89c1722a3e,/home/jinsheng/experiment-data,smb-011814,ifcg,curl_curl_fuzzer_smb,2021-01-18 06:32:40.312937,2021-01-18 12:42:44.780135,5,14400,12590
312,8ba85fd38dfd6aeb1085fa6c8c2afc89c1722a3e,/home/jinsheng/experiment-data,smb-011814,ifcg,curl_curl_fuzzer_smb,2021-01-18 06:32:40.220099,2021-01-18 12:42:44.780135,7,14400,12444
313,8ba85fd38dfd6aeb1085fa6c8c2afc89c1722a3e,/home/jinsheng/experiment-data,smb-011814,libfuzzer,curl_curl_fuzzer_smb,2021-01-18 06:32:40.043327,2021-01-18 12:42:44.780135,15,14400,12579
314,8ba85fd38dfd6aeb1085fa6c8c2afc89c1722a3e,/home/jinsheng/experiment-data,smb-011814,libfuzzer,curl_curl_fuzzer_smb,2021-01-18 06:32:40.187836,2021-01-18 12:42:44.780135,17,14400,7725
315,8ba85fd38dfd6aeb1085fa6c8c2afc89c1722a3e,/home/jinsheng/experiment-data,smb-011814,ifcg,curl_curl_fuzzer_smb,2021-01-18 06:32:40.312053,2021-01-18 12:42:44.780135,4,14400,12603
316,8ba85fd38dfd6aeb1085fa6c8c2afc89c1722a3e,/home/jinsheng/experiment-data,smb-011814,libfuzzer,curl_curl_fuzzer_smb,2021-01-18 06:32:40.236269,2021-01-18 12:42:44.780135,13,14400,7858
317,8ba85fd38dfd6aeb1085fa6c8c2afc89c1722a3e,/home/jinsheng/experiment-data,smb-011814,ifcg,curl_curl_fuzzer_smb,2021-01-18 06:32:40.352875,2021-01-18 12:42:44.780135,10,14400,7783
318,8ba85fd38dfd6aeb1085fa6c8c2afc89c1722a3e,/home/jinsheng/experiment-data,smb-011814,ifcg,curl_curl_fuzzer_smb,2021-01-18 06:32:40.083715,2021-01-18 12:42:44.780135,8,14400,12563
319,8ba85fd38dfd6aeb1085fa6c8c2afc89c1722a3e,/home/jinsheng/experiment-data,smb-011814,libfuzzer,curl_curl_fuzzer_smb,2021-01-18 06:32:40.157191,2021-01-18 12:42:44.780135,18,14400,12527
320,8ba85fd38dfd6aeb1085fa6c8c2afc89c1722a3e,/home/jinsheng/experiment-data,smb-011814,libfuzzer,curl_curl_fuzzer_smb,2021-01-18 06:32:40.273411,2021-01-18 12:42:44.780135,12,15300,13043
321,8ba85fd38dfd6aeb1085fa6c8c2afc89c1722a3e,/home/jinsheng/experiment-data,smb-011814,libfuzzer,curl_curl_fuzzer_smb,2021-01-18 06:32:40.261902,2021-01-18 12:42:44.780135,11,15300,12555
322,8ba85fd38dfd6aeb1085fa6c8c2afc89c1722a3e,/home/jinsheng/experiment-data,smb-011814,libfuzzer,curl_curl_fuzzer_smb,2021-01-18 06:32:40.243416,2021-01-18 12:42:44.780135,16,15300,12559
323,8ba85fd38dfd6aeb1085fa6c8c2afc89c1722a3e,/home/jinsheng/experiment-data,smb-011814,ifcg,curl_curl_fuzzer_smb,2021-01-18 06:32:40.276193,2021-01-18 12:42:44.780135,2,15300,12548
324,8ba85fd38dfd6aeb1085fa6c8c2afc89c1722a3e,/home/jinsheng/experiment-data,smb-011814,ifcg,curl_curl_fuzzer_smb,2021-01-18 06:32:40.116329,2021-01-18 12:42:44.780135,6,15300,12417
325,8ba85fd38dfd6aeb1085fa6c8c2afc89c1722a3e,/home/jinsheng/experiment-data,smb-011814,ifcg,curl_curl_fuzzer_smb,2021-01-18 06:32:40.199680,2021-01-18 12:42:44.780135,1,15300,12703
326,8ba85fd38dfd6aeb1085fa6c8c2afc89c1722a3e,/home/jinsheng/experiment-data,smb-011814,libfuzzer,curl_curl_fuzzer_smb,2021-01-18 06:32:40.284577,2021-01-18 12:42:44.780135,14,15300,12566
327,8ba85fd38dfd6aeb1085fa6c8c2afc89c1722a3e,/home/jinsheng/experiment-data,smb-011814,ifcg,curl_curl_fuzzer_smb,2021-01-18 06:32:40.312937,2021-01-18 12:42:44.780135,5,15300,12590
328,8ba85fd38dfd6aeb1085fa6c8c2afc89c1722a3e,/home/jinsheng/experiment-data,smb-011814,ifcg,curl_curl_fuzzer_smb,2021-01-18 06:32:40.272142,2021-01-18 12:42:44.780135,9,15300,12704
329,8ba85fd38dfd6aeb1085fa6c8c2afc89c1722a3e,/home/jinsheng/experiment-data,smb-011814,ifcg,curl_curl_fuzzer_smb,2021-01-18 06:32:40.312053,2021-01-18 12:42:44.780135,4,15300,12603
330,8ba85fd38dfd6aeb1085fa6c8c2afc89c1722a3e,/home/jinsheng/experiment-data,smb-011814,ifcg,curl_curl_fuzzer_smb,2021-01-18 06:32:40.220099,2021-01-18 12:42:44.780135,7,15300,12508
331,8ba85fd38dfd6aeb1085fa6c8c2afc89c1722a3e,/home/jinsheng/experiment-data,smb-011814,libfuzzer,curl_curl_fuzzer_smb,2021-01-18 06:32:40.043327,2021-01-18 12:42:44.780135,15,15300,12579
332,8ba85fd38dfd6aeb1085fa6c8c2afc89c1722a3e,/home/jinsheng/experiment-data,smb-011814,libfuzzer,curl_curl_fuzzer_smb,2021-01-18 06:32:40.236269,2021-01-18 12:42:44.780135,13,15300,7862
333,8ba85fd38dfd6aeb1085fa6c8c2afc89c1722a3e,/home/jinsheng/experiment-data,smb-011814,libfuzzer,curl_curl_fuzzer_smb,2021-01-18 06:32:40.187836,2021-01-18 12:42:44.780135,17,15300,7725
334,8ba85fd38dfd6aeb1085fa6c8c2afc89c1722a3e,/home/jinsheng/experiment-data,smb-011814,libfuzzer,curl_curl_fuzzer_smb,2021-01-18 06:32:40.239339,2021-01-18 12:42:44.780135,20,15300,7800
335,8ba85fd38dfd6aeb1085fa6c8c2afc89c1722a3e,/home/jinsheng/experiment-data,smb-011814,libfuzzer,curl_curl_fuzzer_smb,2021-01-18 06:32:40.320677,2021-01-18 12:42:44.780135,19,15300,12591
336,8ba85fd38dfd6aeb1085fa6c8c2afc89c1722a3e,/home/jinsheng/experiment-data,smb-011814,ifcg,curl_curl_fuzzer_smb,2021-01-18 06:32:40.352875,2021-01-18 12:42:44.780135,10,15300,7785
337,8ba85fd38dfd6aeb1085fa6c8c2afc89c1722a3e,/home/jinsheng/experiment-data,smb-011814,ifcg,curl_curl_fuzzer_smb,2021-01-18 06:32:40.323608,2021-01-18 12:42:44.780135,3,15300,12358
338,8ba85fd38dfd6aeb1085fa6c8c2afc89c1722a3e,/home/jinsheng/experiment-data,smb-011814,libfuzzer,curl_curl_fuzzer_smb,2021-01-18 06:32:40.157191,2021-01-18 12:42:44.780135,18,15300,12527
339,8ba85fd38dfd6aeb1085fa6c8c2afc89c1722a3e,/home/jinsheng/experiment-data,smb-011814,ifcg,curl_curl_fuzzer_smb,2021-01-18 06:32:40.083715,2021-01-18 12:42:44.780135,8,15300,12563
340,8ba85fd38dfd6aeb1085fa6c8c2afc89c1722a3e,/home/jinsheng/experiment-data,smb-011814,ifcg,curl_curl_fuzzer_smb,2021-01-18 06:32:40.116329,2021-01-18 12:42:44.780135,6,16200,12440
341,8ba85fd38dfd6aeb1085fa6c8c2afc89c1722a3e,/home/jinsheng/experiment-data,smb-011814,libfuzzer,curl_curl_fuzzer_smb,2021-01-18 06:32:40.243416,2021-01-18 12:42:44.780135,16,16200,12561
342,8ba85fd38dfd6aeb1085fa6c8c2afc89c1722a3e,/home/jinsheng/experiment-data,smb-011814,ifcg,curl_curl_fuzzer_smb,2021-01-18 06:32:40.272142,2021-01-18 12:42:44.780135,9,16200,12704
343,8ba85fd38dfd6aeb1085fa6c8c2afc89c1722a3e,/home/jinsheng/experiment-data,smb-011814,libfuzzer,curl_curl_fuzzer_smb,2021-01-18 06:32:40.261902,2021-01-18 12:42:44.780135,11,16200,12556
344,8ba85fd38dfd6aeb1085fa6c8c2afc89c1722a3e,/home/jinsheng/experiment-data,smb-011814,libfuzzer,curl_curl_fuzzer_smb,2021-01-18 06:32:40.284577,2021-01-18 12:42:44.780135,14,16200,12566
345,8ba85fd38dfd6aeb1085fa6c8c2afc89c1722a3e,/home/jinsheng/experiment-data,smb-011814,ifcg,curl_curl_fuzzer_smb,2021-01-18 06:32:40.276193,2021-01-18 12:42:44.780135,2,16200,12549
346,8ba85fd38dfd6aeb1085fa6c8c2afc89c1722a3e,/home/jinsheng/experiment-data,smb-011814,ifcg,curl_curl_fuzzer_smb,2021-01-18 06:32:40.312053,2021-01-18 12:42:44.780135,4,16200,12603
347,8ba85fd38dfd6aeb1085fa6c8c2afc89c1722a3e,/home/jinsheng/experiment-data,smb-011814,ifcg,curl_curl_fuzzer_smb,2021-01-18 06:32:40.312937,2021-01-18 12:42:44.780135,5,16200,12599
348,8ba85fd38dfd6aeb1085fa6c8c2afc89c1722a3e,/home/jinsheng/experiment-data,smb-011814,libfuzzer,curl_curl_fuzzer_smb,2021-01-18 06:32:40.043327,2021-01-18 12:42:44.780135,15,16200,12579
349,8ba85fd38dfd6aeb1085fa6c8c2afc89c1722a3e,/home/jinsheng/experiment-data,smb-011814,libfuzzer,curl_curl_fuzzer_smb,2021-01-18 06:32:40.273411,2021-01-18 12:42:44.780135,12,16200,13044
350,8ba85fd38dfd6aeb1085fa6c8c2afc89c1722a3e,/home/jinsheng/experiment-data,smb-011814,ifcg,curl_curl_fuzzer_smb,2021-01-18 06:32:40.220099,2021-01-18 12:42:44.780135,7,16200,12513
351,8ba85fd38dfd6aeb1085fa6c8c2afc89c1722a3e,/home/jinsheng/experiment-data,smb-011814,libfuzzer,curl_curl_fuzzer_smb,2021-01-18 06:32:40.157191,2021-01-18 12:42:44.780135,18,16200,12548
352,8ba85fd38dfd6aeb1085fa6c8c2afc89c1722a3e,/home/jinsheng/experiment-data,smb-011814,libfuzzer,curl_curl_fuzzer_smb,2021-01-18 06:32:40.320677,2021-01-18 12:42:44.780135,19,16200,12591
353,8ba85fd38dfd6aeb1085fa6c8c2afc89c1722a3e,/home/jinsheng/experiment-data,smb-011814,ifcg,curl_curl_fuzzer_smb,2021-01-18 06:32:40.323608,2021-01-18 12:42:44.780135,3,16200,12358
354,8ba85fd38dfd6aeb1085fa6c8c2afc89c1722a3e,/home/jinsheng/experiment-data,smb-011814,ifcg,curl_curl_fuzzer_smb,2021-01-18 06:32:40.352875,2021-01-18 12:42:44.780135,10,16200,7785
355,8ba85fd38dfd6aeb1085fa6c8c2afc89c1722a3e,/home/jinsheng/experiment-data,smb-011814,libfuzzer,curl_curl_fuzzer_smb,2021-01-18 06:32:40.239339,2021-01-18 12:42:44.780135,20,16200,7801
356,8ba85fd38dfd6aeb1085fa6c8c2afc89c1722a3e,/home/jinsheng/experiment-data,smb-011814,libfuzzer,curl_curl_fuzzer_smb,2021-01-18 06:32:40.236269,2021-01-18 12:42:44.780135,13,16200,7864
357,8ba85fd38dfd6aeb1085fa6c8c2afc89c1722a3e,/home/jinsheng/experiment-data,smb-011814,libfuzzer,curl_curl_fuzzer_smb,2021-01-18 06:32:40.187836,2021-01-18 12:42:44.780135,17,16200,7726
358,8ba85fd38dfd6aeb1085fa6c8c2afc89c1722a3e,/home/jinsheng/experiment-data,smb-011814,ifcg,curl_curl_fuzzer_smb,2021-01-18 06:32:40.199680,2021-01-18 12:42:44.780135,1,16200,12704
359,8ba85fd38dfd6aeb1085fa6c8c2afc89c1722a3e,/home/jinsheng/experiment-data,smb-011814,ifcg,curl_curl_fuzzer_smb,2021-01-18 06:32:40.083715,2021-01-18 12:42:44.780135,8,16200,12563
360,8ba85fd38dfd6aeb1085fa6c8c2afc89c1722a3e,/home/jinsheng/experiment-data,smb-011814,ifcg,curl_curl_fuzzer_smb,2021-01-18 06:32:40.272142,2021-01-18 12:42:44.780135,9,17100,12704
361,8ba85fd38dfd6aeb1085fa6c8c2afc89c1722a3e,/home/jinsheng/experiment-data,smb-011814,libfuzzer,curl_curl_fuzzer_smb,2021-01-18 06:32:40.284577,2021-01-18 12:42:44.780135,14,17100,12566
362,8ba85fd38dfd6aeb1085fa6c8c2afc89c1722a3e,/home/jinsheng/experiment-data,smb-011814,ifcg,curl_curl_fuzzer_smb,2021-01-18 06:32:40.312053,2021-01-18 12:42:44.780135,4,17100,12603
363,8ba85fd38dfd6aeb1085fa6c8c2afc89c1722a3e,/home/jinsheng/experiment-data,smb-011814,libfuzzer,curl_curl_fuzzer_smb,2021-01-18 06:32:40.157191,2021-01-18 12:42:44.780135,18,17100,12630
364,8ba85fd38dfd6aeb1085fa6c8c2afc89c1722a3e,/home/jinsheng/experiment-data,smb-011814,libfuzzer,curl_curl_fuzzer_smb,2021-01-18 06:32:40.243416,2021-01-18 12:42:44.780135,16,17100,12561
365,8ba85fd38dfd6aeb1085fa6c8c2afc89c1722a3e,/home/jinsheng/experiment-data,smb-011814,libfuzzer,curl_curl_fuzzer_smb,2021-01-18 06:32:40.043327,2021-01-18 12:42:44.780135,15,17100,12582
366,8ba85fd38dfd6aeb1085fa6c8c2afc89c1722a3e,/home/jinsheng/experiment-data,smb-011814,ifcg,curl_curl_fuzzer_smb,2021-01-18 06:32:40.220099,2021-01-18 12:42:44.780135,7,17100,12513
367,8ba85fd38dfd6aeb1085fa6c8c2afc89c1722a3e,/home/jinsheng/experiment-data,smb-011814,libfuzzer,curl_curl_fuzzer_smb,2021-01-18 06:32:40.239339,2021-01-18 12:42:44.780135,20,17100,7806
368,8ba85fd38dfd6aeb1085fa6c8c2afc89c1722a3e,/home/jinsheng/experiment-data,smb-011814,ifcg,curl_curl_fuzzer_smb,2021-01-18 06:32:40.083715,2021-01-18 12:42:44.780135,8,17100,12563
369,8ba85fd38dfd6aeb1085fa6c8c2afc89c1722a3e,/home/jinsheng/experiment-data,smb-011814,libfuzzer,curl_curl_fuzzer_smb,2021-01-18 06:32:40.261902,2021-01-18 12:42:44.780135,11,17100,12556
370,8ba85fd38dfd6aeb1085fa6c8c2afc89c1722a3e,/home/jinsheng/experiment-data,smb-011814,ifcg,curl_curl_fuzzer_smb,2021-01-18 06:32:40.116329,2021-01-18 12:42:44.780135,6,17100,12462
371,8ba85fd38dfd6aeb1085fa6c8c2afc89c1722a3e,/home/jinsheng/experiment-data,smb-011814,ifcg,curl_curl_fuzzer_smb,2021-01-18 06:32:40.312937,2021-01-18 12:42:44.780135,5,17100,12599
372,8ba85fd38dfd6aeb1085fa6c8c2afc89c1722a3e,/home/jinsheng/experiment-data,smb-011814,ifcg,curl_curl_fuzzer_smb,2021-01-18 06:32:40.199680,2021-01-18 12:42:44.780135,1,17100,12704
373,8ba85fd38dfd6aeb1085fa6c8c2afc89c1722a3e,/home/jinsheng/experiment-data,smb-011814,ifcg,curl_curl_fuzzer_smb,2021-01-18 06:32:40.276193,2021-01-18 12:42:44.780135,2,17100,12550
374,8ba85fd38dfd6aeb1085fa6c8c2afc89c1722a3e,/home/jinsheng/experiment-data,smb-011814,libfuzzer,curl_curl_fuzzer_smb,2021-01-18 06:32:40.273411,2021-01-18 12:42:44.780135,12,17100,13044
375,8ba85fd38dfd6aeb1085fa6c8c2afc89c1722a3e,/home/jinsheng/experiment-data,smb-011814,ifcg,curl_curl_fuzzer_smb,2021-01-18 06:32:40.352875,2021-01-18 12:42:44.780135,10,17100,7785
376,8ba85fd38dfd6aeb1085fa6c8c2afc89c1722a3e,/home/jinsheng/experiment-data,smb-011814,ifcg,curl_curl_fuzzer_smb,2021-01-18 06:32:40.323608,2021-01-18 12:42:44.780135,3,17100,12358
377,8ba85fd38dfd6aeb1085fa6c8c2afc89c1722a3e,/home/jinsheng/experiment-data,smb-011814,libfuzzer,curl_curl_fuzzer_smb,2021-01-18 06:32:40.320677,2021-01-18 12:42:44.780135,19,17100,12614
378,8ba85fd38dfd6aeb1085fa6c8c2afc89c1722a3e,/home/jinsheng/experiment-data,smb-011814,libfuzzer,curl_curl_fuzzer_smb,2021-01-18 06:32:40.236269,2021-01-18 12:42:44.780135,13,17100,7866
379,8ba85fd38dfd6aeb1085fa6c8c2afc89c1722a3e,/home/jinsheng/experiment-data,smb-011814,libfuzzer,curl_curl_fuzzer_smb,2021-01-18 06:32:40.187836,2021-01-18 12:42:44.780135,17,17100,7767
380,8ba85fd38dfd6aeb1085fa6c8c2afc89c1722a3e,/home/jinsheng/experiment-data,smb-011814,ifcg,curl_curl_fuzzer_smb,2021-01-18 06:32:40.116329,2021-01-18 12:42:44.780135,6,18000,12465
381,8ba85fd38dfd6aeb1085fa6c8c2afc89c1722a3e,/home/jinsheng/experiment-data,smb-011814,ifcg,curl_curl_fuzzer_smb,2021-01-18 06:32:40.323608,2021-01-18 12:42:44.780135,3,18000,12359
382,8ba85fd38dfd6aeb1085fa6c8c2afc89c1722a3e,/home/jinsheng/experiment-data,smb-011814,libfuzzer,curl_curl_fuzzer_smb,2021-01-18 06:32:40.320677,2021-01-18 12:42:44.780135,19,18000,12614
383,8ba85fd38dfd6aeb1085fa6c8c2afc89c1722a3e,/home/jinsheng/experiment-data,smb-011814,libfuzzer,curl_curl_fuzzer_smb,2021-01-18 06:32:40.157191,2021-01-18 12:42:44.780135,18,18000,12631
384,8ba85fd38dfd6aeb1085fa6c8c2afc89c1722a3e,/home/jinsheng/experiment-data,smb-011814,ifcg,curl_curl_fuzzer_smb,2021-01-18 06:32:40.272142,2021-01-18 12:42:44.780135,9,18000,12705
385,8ba85fd38dfd6aeb1085fa6c8c2afc89c1722a3e,/home/jinsheng/experiment-data,smb-011814,ifcg,curl_curl_fuzzer_smb,2021-01-18 06:32:40.312053,2021-01-18 12:42:44.780135,4,18000,12603
386,8ba85fd38dfd6aeb1085fa6c8c2afc89c1722a3e,/home/jinsheng/experiment-data,smb-011814,libfuzzer,curl_curl_fuzzer_smb,2021-01-18 06:32:40.273411,2021-01-18 12:42:44.780135,12,18000,13044
387,8ba85fd38dfd6aeb1085fa6c8c2afc89c1722a3e,/home/jinsheng/experiment-data,smb-011814,libfuzzer,curl_curl_fuzzer_smb,2021-01-18 06:32:40.284577,2021-01-18 12:42:44.780135,14,18000,12566
388,8ba85fd38dfd6aeb1085fa6c8c2afc89c1722a3e,/home/jinsheng/experiment-data,smb-011814,libfuzzer,curl_curl_fuzzer_smb,2021-01-18 06:32:40.043327,2021-01-18 12:42:44.780135,15,18000,12582
389,8ba85fd38dfd6aeb1085fa6c8c2afc89c1722a3e,/home/jinsheng/experiment-data,smb-011814,libfuzzer,curl_curl_fuzzer_smb,2021-01-18 06:32:40.187836,2021-01-18 12:42:44.780135,17,18000,7767
390,8ba85fd38dfd6aeb1085fa6c8c2afc89c1722a3e,/home/jinsheng/experiment-data,smb-011814,ifcg,curl_curl_fuzzer_smb,2021-01-18 06:32:40.276193,2021-01-18 12:42:44.780135,2,18000,12550
391,8ba85fd38dfd6aeb1085fa6c8c2afc89c1722a3e,/home/jinsheng/experiment-data,smb-011814,ifcg,curl_curl_fuzzer_smb,2021-01-18 06:32:40.199680,2021-01-18 12:42:44.780135,1,18000,12707
392,8ba85fd38dfd6aeb1085fa6c8c2afc89c1722a3e,/home/jinsheng/experiment-data,smb-011814,libfuzzer,curl_curl_fuzzer_smb,2021-01-18 06:32:40.239339,2021-01-18 12:42:44.780135,20,18000,7806
393,8ba85fd38dfd6aeb1085fa6c8c2afc89c1722a3e,/home/jinsheng/experiment-data,smb-011814,ifcg,curl_curl_fuzzer_smb,2021-01-18 06:32:40.220099,2021-01-18 12:42:44.780135,7,18000,12518
394,8ba85fd38dfd6aeb1085fa6c8c2afc89c1722a3e,/home/jinsheng/experiment-data,smb-011814,ifcg,curl_curl_fuzzer_smb,2021-01-18 06:32:40.312937,2021-01-18 12:42:44.780135,5,18000,12600
395,8ba85fd38dfd6aeb1085fa6c8c2afc89c1722a3e,/home/jinsheng/experiment-data,smb-011814,libfuzzer,curl_curl_fuzzer_smb,2021-01-18 06:32:40.243416,2021-01-18 12:42:44.780135,16,18000,12585
396,8ba85fd38dfd6aeb1085fa6c8c2afc89c1722a3e,/home/jinsheng/experiment-data,smb-011814,libfuzzer,curl_curl_fuzzer_smb,2021-01-18 06:32:40.261902,2021-01-18 12:42:44.780135,11,18000,12556
397,8ba85fd38dfd6aeb1085fa6c8c2afc89c1722a3e,/home/jinsheng/experiment-data,smb-011814,ifcg,curl_curl_fuzzer_smb,2021-01-18 06:32:40.352875,2021-01-18 12:42:44.780135,10,18000,7787
398,8ba85fd38dfd6aeb1085fa6c8c2afc89c1722a3e,/home/jinsheng/experiment-data,smb-011814,libfuzzer,curl_curl_fuzzer_smb,2021-01-18 06:32:40.236269,2021-01-18 12:42:44.780135,13,18000,7868
399,8ba85fd38dfd6aeb1085fa6c8c2afc89c1722a3e,/home/jinsheng/experiment-data,smb-011814,ifcg,curl_curl_fuzzer_smb,2021-01-18 06:32:40.083715,2021-01-18 12:42:44.780135,8,18000,12563
400,8ba85fd38dfd6aeb1085fa6c8c2afc89c1722a3e,/home/jinsheng/experiment-data,smb-011814,ifcg,curl_curl_fuzzer_smb,2021-01-18 06:32:40.272142,2021-01-18 12:42:44.780135,9,18900,12705
401,8ba85fd38dfd6aeb1085fa6c8c2afc89c1722a3e,/home/jinsheng/experiment-data,smb-011814,ifcg,curl_curl_fuzzer_smb,2021-01-18 06:32:40.323608,2021-01-18 12:42:44.780135,3,18900,12364
402,8ba85fd38dfd6aeb1085fa6c8c2afc89c1722a3e,/home/jinsheng/experiment-data,smb-011814,ifcg,curl_curl_fuzzer_smb,2021-01-18 06:32:40.276193,2021-01-18 12:42:44.780135,2,18900,12552
403,8ba85fd38dfd6aeb1085fa6c8c2afc89c1722a3e,/home/jinsheng/experiment-data,smb-011814,libfuzzer,curl_curl_fuzzer_smb,2021-01-18 06:32:40.236269,2021-01-18 12:42:44.780135,13,18900,7868
404,8ba85fd38dfd6aeb1085fa6c8c2afc89c1722a3e,/home/jinsheng/experiment-data,smb-011814,ifcg,curl_curl_fuzzer_smb,2021-01-18 06:32:40.199680,2021-01-18 12:42:44.780135,1,18900,12731
405,8ba85fd38dfd6aeb1085fa6c8c2afc89c1722a3e,/home/jinsheng/experiment-data,smb-011814,libfuzzer,curl_curl_fuzzer_smb,2021-01-18 06:32:40.243416,2021-01-18 12:42:44.780135,16,18900,12586
406,8ba85fd38dfd6aeb1085fa6c8c2afc89c1722a3e,/home/jinsheng/experiment-data,smb-011814,libfuzzer,curl_curl_fuzzer_smb,2021-01-18 06:32:40.273411,2021-01-18 12:42:44.780135,12,18900,13053
407,8ba85fd38dfd6aeb1085fa6c8c2afc89c1722a3e,/home/jinsheng/experiment-data,smb-011814,ifcg,curl_curl_fuzzer_smb,2021-01-18 06:32:40.312937,2021-01-18 12:42:44.780135,5,18900,12600
408,8ba85fd38dfd6aeb1085fa6c8c2afc89c1722a3e,/home/jinsheng/experiment-data,smb-011814,libfuzzer,curl_curl_fuzzer_smb,2021-01-18 06:32:40.239339,2021-01-18 12:42:44.780135,20,18900,7806
409,8ba85fd38dfd6aeb1085fa6c8c2afc89c1722a3e,/home/jinsheng/experiment-data,smb-011814,libfuzzer,curl_curl_fuzzer_smb,2021-01-18 06:32:40.284577,2021-01-18 12:42:44.780135,14,18900,12566
410,8ba85fd38dfd6aeb1085fa6c8c2afc89c1722a3e,/home/jinsheng/experiment-data,smb-011814,ifcg,curl_curl_fuzzer_smb,2021-01-18 06:32:40.116329,2021-01-18 12:42:44.780135,6,18900,12466
411,8ba85fd38dfd6aeb1085fa6c8c2afc89c1722a3e,/home/jinsheng/experiment-data,smb-011814,libfuzzer,curl_curl_fuzzer_smb,2021-01-18 06:32:40.261902,2021-01-18 12:42:44.780135,11,18900,12556
412,8ba85fd38dfd6aeb1085fa6c8c2afc89c1722a3e,/home/jinsheng/experiment-data,smb-011814,ifcg,curl_curl_fuzzer_smb,2021-01-18 06:32:40.312053,2021-01-18 12:42:44.780135,4,18900,12607
413,8ba85fd38dfd6aeb1085fa6c8c2afc89c1722a3e,/home/jinsheng/experiment-data,smb-011814,libfuzzer,curl_curl_fuzzer_smb,2021-01-18 06:32:40.187836,2021-01-18 12:42:44.780135,17,18900,7767
414,8ba85fd38dfd6aeb1085fa6c8c2afc89c1722a3e,/home/jinsheng/experiment-data,smb-011814,libfuzzer,curl_curl_fuzzer_smb,2021-01-18 06:32:40.320677,2021-01-18 12:42:44.780135,19,18900,12615
415,8ba85fd38dfd6aeb1085fa6c8c2afc89c1722a3e,/home/jinsheng/experiment-data,smb-011814,ifcg,curl_curl_fuzzer_smb,2021-01-18 06:32:40.220099,2021-01-18 12:42:44.780135,7,18900,12518
416,8ba85fd38dfd6aeb1085fa6c8c2afc89c1722a3e,/home/jinsheng/experiment-data,smb-011814,libfuzzer,curl_curl_fuzzer_smb,2021-01-18 06:32:40.157191,2021-01-18 12:42:44.780135,18,18900,12633
417,8ba85fd38dfd6aeb1085fa6c8c2afc89c1722a3e,/home/jinsheng/experiment-data,smb-011814,libfuzzer,curl_curl_fuzzer_smb,2021-01-18 06:32:40.043327,2021-01-18 12:42:44.780135,15,18900,12582
418,8ba85fd38dfd6aeb1085fa6c8c2afc89c1722a3e,/home/jinsheng/experiment-data,smb-011814,ifcg,curl_curl_fuzzer_smb,2021-01-18 06:32:40.352875,2021-01-18 12:42:44.780135,10,18900,7787
419,8ba85fd38dfd6aeb1085fa6c8c2afc89c1722a3e,/home/jinsheng/experiment-data,smb-011814,ifcg,curl_curl_fuzzer_smb,2021-01-18 06:32:40.083715,2021-01-18 12:42:44.780135,8,18900,12563
420,8ba85fd38dfd6aeb1085fa6c8c2afc89c1722a3e,/home/jinsheng/experiment-data,smb-011814,ifcg,curl_curl_fuzzer_smb,2021-01-18 06:32:40.276193,2021-01-18 12:42:44.780135,2,19800,12552
421,8ba85fd38dfd6aeb1085fa6c8c2afc89c1722a3e,/home/jinsheng/experiment-data,smb-011814,libfuzzer,curl_curl_fuzzer_smb,2021-01-18 06:32:40.284577,2021-01-18 12:42:44.780135,14,19800,12566
422,8ba85fd38dfd6aeb1085fa6c8c2afc89c1722a3e,/home/jinsheng/experiment-data,smb-011814,libfuzzer,curl_curl_fuzzer_smb,2021-01-18 06:32:40.243416,2021-01-18 12:42:44.780135,16,19800,12587
423,8ba85fd38dfd6aeb1085fa6c8c2afc89c1722a3e,/home/jinsheng/experiment-data,smb-011814,ifcg,curl_curl_fuzzer_smb,2021-01-18 06:32:40.116329,2021-01-18 12:42:44.780135,6,19800,12468
424,8ba85fd38dfd6aeb1085fa6c8c2afc89c1722a3e,/home/jinsheng/experiment-data,smb-011814,ifcg,curl_curl_fuzzer_smb,2021-01-18 06:32:40.312937,2021-01-18 12:42:44.780135,5,19800,12602
425,8ba85fd38dfd6aeb1085fa6c8c2afc89c1722a3e,/home/jinsheng/experiment-data,smb-011814,ifcg,curl_curl_fuzzer_smb,2021-01-18 06:32:40.199680,2021-01-18 12:42:44.780135,1,19800,12732
426,8ba85fd38dfd6aeb1085fa6c8c2afc89c1722a3e,/home/jinsheng/experiment-data,smb-011814,libfuzzer,curl_curl_fuzzer_smb,2021-01-18 06:32:40.273411,2021-01-18 12:42:44.780135,12,19800,13053
427,8ba85fd38dfd6aeb1085fa6c8c2afc89c1722a3e,/home/jinsheng/experiment-data,smb-011814,libfuzzer,curl_curl_fuzzer_smb,2021-01-18 06:32:40.236269,2021-01-18 12:42:44.780135,13,19800,7868
428,8ba85fd38dfd6aeb1085fa6c8c2afc89c1722a3e,/home/jinsheng/experiment-data,smb-011814,ifcg,curl_curl_fuzzer_smb,2021-01-18 06:32:40.312053,2021-01-18 12:42:44.780135,4,19800,12607
429,8ba85fd38dfd6aeb1085fa6c8c2afc89c1722a3e,/home/jinsheng/experiment-data,smb-011814,ifcg,curl_curl_fuzzer_smb,2021-01-18 06:32:40.323608,2021-01-18 12:42:44.780135,3,19800,12364
430,8ba85fd38dfd6aeb1085fa6c8c2afc89c1722a3e,/home/jinsheng/experiment-data,smb-011814,ifcg,curl_curl_fuzzer_smb,2021-01-18 06:32:40.352875,2021-01-18 12:42:44.780135,10,19800,7787
431,8ba85fd38dfd6aeb1085fa6c8c2afc89c1722a3e,/home/jinsheng/experiment-data,smb-011814,libfuzzer,curl_curl_fuzzer_smb,2021-01-18 06:32:40.187836,2021-01-18 12:42:44.780135,17,19800,7767
432,8ba85fd38dfd6aeb1085fa6c8c2afc89c1722a3e,/home/jinsheng/experiment-data,smb-011814,libfuzzer,curl_curl_fuzzer_smb,2021-01-18 06:32:40.157191,2021-01-18 12:42:44.780135,18,19800,12638
433,8ba85fd38dfd6aeb1085fa6c8c2afc89c1722a3e,/home/jinsheng/experiment-data,smb-011814,libfuzzer,curl_curl_fuzzer_smb,2021-01-18 06:32:40.239339,2021-01-18 12:42:44.780135,20,19800,7808
434,8ba85fd38dfd6aeb1085fa6c8c2afc89c1722a3e,/home/jinsheng/experiment-data,smb-011814,libfuzzer,curl_curl_fuzzer_smb,2021-01-18 06:32:40.261902,2021-01-18 12:42:44.780135,11,19800,12556
435,8ba85fd38dfd6aeb1085fa6c8c2afc89c1722a3e,/home/jinsheng/experiment-data,smb-011814,libfuzzer,curl_curl_fuzzer_smb,2021-01-18 06:32:40.320677,2021-01-18 12:42:44.780135,19,19800,12616
436,8ba85fd38dfd6aeb1085fa6c8c2afc89c1722a3e,/home/jinsheng/experiment-data,smb-011814,ifcg,curl_curl_fuzzer_smb,2021-01-18 06:32:40.220099,2021-01-18 12:42:44.780135,7,19800,12523
437,8ba85fd38dfd6aeb1085fa6c8c2afc89c1722a3e,/home/jinsheng/experiment-data,smb-011814,ifcg,curl_curl_fuzzer_smb,2021-01-18 06:32:40.272142,2021-01-18 12:42:44.780135,9,19800,12728
438,8ba85fd38dfd6aeb1085fa6c8c2afc89c1722a3e,/home/jinsheng/experiment-data,smb-011814,ifcg,curl_curl_fuzzer_smb,2021-01-18 06:32:40.083715,2021-01-18 12:42:44.780135,8,19800,12563
439,8ba85fd38dfd6aeb1085fa6c8c2afc89c1722a3e,/home/jinsheng/experiment-data,smb-011814,libfuzzer,curl_curl_fuzzer_smb,2021-01-18 06:32:40.043327,2021-01-18 12:42:44.780135,15,19800,12582
440,8ba85fd38dfd6aeb1085fa6c8c2afc89c1722a3e,/home/jinsheng/experiment-data,smb-011814,ifcg,curl_curl_fuzzer_smb,2021-01-18 06:32:40.312937,2021-01-18 12:42:44.780135,5,20700,12602
441,8ba85fd38dfd6aeb1085fa6c8c2afc89c1722a3e,/home/jinsheng/experiment-data,smb-011814,ifcg,curl_curl_fuzzer_smb,2021-01-18 06:32:40.116329,2021-01-18 12:42:44.780135,6,20700,12469
442,8ba85fd38dfd6aeb1085fa6c8c2afc89c1722a3e,/home/jinsheng/experiment-data,smb-011814,libfuzzer,curl_curl_fuzzer_smb,2021-01-18 06:32:40.243416,2021-01-18 12:42:44.780135,16,20700,12587
443,8ba85fd38dfd6aeb1085fa6c8c2afc89c1722a3e,/home/jinsheng/experiment-data,smb-011814,ifcg,curl_curl_fuzzer_smb,2021-01-18 06:32:40.199680,2021-01-18 12:42:44.780135,1,20700,12732
444,8ba85fd38dfd6aeb1085fa6c8c2afc89c1722a3e,/home/jinsheng/experiment-data,smb-011814,ifcg,curl_curl_fuzzer_smb,2021-01-18 06:32:40.352875,2021-01-18 12:42:44.780135,10,20700,7787
445,8ba85fd38dfd6aeb1085fa6c8c2afc89c1722a3e,/home/jinsheng/experiment-data,smb-011814,libfuzzer,curl_curl_fuzzer_smb,2021-01-18 06:32:40.284577,2021-01-18 12:42:44.780135,14,20700,12566
446,8ba85fd38dfd6aeb1085fa6c8c2afc89c1722a3e,/home/jinsheng/experiment-data,smb-011814,ifcg,curl_curl_fuzzer_smb,2021-01-18 06:32:40.220099,2021-01-18 12:42:44.780135,7,20700,12523
447,8ba85fd38dfd6aeb1085fa6c8c2afc89c1722a3e,/home/jinsheng/experiment-data,smb-011814,ifcg,curl_curl_fuzzer_smb,2021-01-18 06:32:40.312053,2021-01-18 12:42:44.780135,4,20700,12607
448,8ba85fd38dfd6aeb1085fa6c8c2afc89c1722a3e,/home/jinsheng/experiment-data,smb-011814,ifcg,curl_curl_fuzzer_smb,2021-01-18 06:32:40.276193,2021-01-18 12:42:44.780135,2,20700,12553
449,8ba85fd38dfd6aeb1085fa6c8c2afc89c1722a3e,/home/jinsheng/experiment-data,smb-011814,libfuzzer,curl_curl_fuzzer_smb,2021-01-18 06:32:40.273411,2021-01-18 12:42:44.780135,12,20700,13053
450,8ba85fd38dfd6aeb1085fa6c8c2afc89c1722a3e,/home/jinsheng/experiment-data,smb-011814,libfuzzer,curl_curl_fuzzer_smb,2021-01-18 06:32:40.043327,2021-01-18 12:42:44.780135,15,20700,12592
451,8ba85fd38dfd6aeb1085fa6c8c2afc89c1722a3e,/home/jinsheng/experiment-data,smb-011814,ifcg,curl_curl_fuzzer_smb,2021-01-18 06:32:40.323608,2021-01-18 12:42:44.780135,3,20700,12364
452,8ba85fd38dfd6aeb1085fa6c8c2afc89c1722a3e,/home/jinsheng/experiment-data,smb-011814,libfuzzer,curl_curl_fuzzer_smb,2021-01-18 06:32:40.320677,2021-01-18 12:42:44.780135,19,20700,12616
453,8ba85fd38dfd6aeb1085fa6c8c2afc89c1722a3e,/home/jinsheng/experiment-data,smb-011814,libfuzzer,curl_curl_fuzzer_smb,2021-01-18 06:32:40.157191,2021-01-18 12:42:44.780135,18,20700,12639
454,8ba85fd38dfd6aeb1085fa6c8c2afc89c1722a3e,/home/jinsheng/experiment-data,smb-011814,libfuzzer,curl_curl_fuzzer_smb,2021-01-18 06:32:40.261902,2021-01-18 12:42:44.780135,11,20700,12556
455,8ba85fd38dfd6aeb1085fa6c8c2afc89c1722a3e,/home/jinsheng/experiment-data,smb-011814,libfuzzer,curl_curl_fuzzer_smb,2021-01-18 06:32:40.187836,2021-01-18 12:42:44.780135,17,20700,7783
456,8ba85fd38dfd6aeb1085fa6c8c2afc89c1722a3e,/home/jinsheng/experiment-data,smb-011814,libfuzzer,curl_curl_fuzzer_smb,2021-01-18 06:32:40.239339,2021-01-18 12:42:44.780135,20,20700,7817
457,8ba85fd38dfd6aeb1085fa6c8c2afc89c1722a3e,/home/jinsheng/experiment-data,smb-011814,libfuzzer,curl_curl_fuzzer_smb,2021-01-18 06:32:40.236269,2021-01-18 12:42:44.780135,13,20700,7870
458,8ba85fd38dfd6aeb1085fa6c8c2afc89c1722a3e,/home/jinsheng/experiment-data,smb-011814,ifcg,curl_curl_fuzzer_smb,2021-01-18 06:32:40.272142,2021-01-18 12:42:44.780135,9,20700,12729
459,8ba85fd38dfd6aeb1085fa6c8c2afc89c1722a3e,/home/jinsheng/experiment-data,smb-011814,ifcg,curl_curl_fuzzer_smb,2021-01-18 06:32:40.083715,2021-01-18 12:42:44.780135,8,20700,12563
460,8ba85fd38dfd6aeb1085fa6c8c2afc89c1722a3e,/home/jinsheng/experiment-data,smb-011814,libfuzzer,curl_curl_fuzzer_smb,2021-01-18 06:32:40.284577,2021-01-18 12:42:44.780135,14,21600,12566
461,8ba85fd38dfd6aeb1085fa6c8c2afc89c1722a3e,/home/jinsheng/experiment-data,smb-011814,ifcg,curl_curl_fuzzer_smb,2021-01-18 06:32:40.312937,2021-01-18 12:42:44.780135,5,21600,12605
462,8ba85fd38dfd6aeb1085fa6c8c2afc89c1722a3e,/home/jinsheng/experiment-data,smb-011814,ifcg,curl_curl_fuzzer_smb,2021-01-18 06:32:40.199680,2021-01-18 12:42:44.780135,1,21600,12732
463,8ba85fd38dfd6aeb1085fa6c8c2afc89c1722a3e,/home/jinsheng/experiment-data,smb-011814,libfuzzer,curl_curl_fuzzer_smb,2021-01-18 06:32:40.243416,2021-01-18 12:42:44.780135,16,21600,12591
464,8ba85fd38dfd6aeb1085fa6c8c2afc89c1722a3e,/home/jinsheng/experiment-data,smb-011814,ifcg,curl_curl_fuzzer_smb,2021-01-18 06:32:40.323608,2021-01-18 12:42:44.780135,3,21600,12364
465,8ba85fd38dfd6aeb1085fa6c8c2afc89c1722a3e,/home/jinsheng/experiment-data,smb-011814,ifcg,curl_curl_fuzzer_smb,2021-01-18 06:32:40.116329,2021-01-18 12:42:44.780135,6,21600,12471
466,8ba85fd38dfd6aeb1085fa6c8c2afc89c1722a3e,/home/jinsheng/experiment-data,smb-011814,libfuzzer,curl_curl_fuzzer_smb,2021-01-18 06:32:40.157191,2021-01-18 12:42:44.780135,18,21600,12639
467,8ba85fd38dfd6aeb1085fa6c8c2afc89c1722a3e,/home/jinsheng/experiment-data,smb-011814,ifcg,curl_curl_fuzzer_smb,2021-01-18 06:32:40.272142,2021-01-18 12:42:44.780135,9,21600,12730
468,8ba85fd38dfd6aeb1085fa6c8c2afc89c1722a3e,/home/jinsheng/experiment-data,smb-011814,libfuzzer,curl_curl_fuzzer_smb,2021-01-18 06:32:40.320677,2021-01-18 12:42:44.780135,19,21600,12616
469,8ba85fd38dfd6aeb1085fa6c8c2afc89c1722a3e,/home/jinsheng/experiment-data,smb-011814,ifcg,curl_curl_fuzzer_smb,2021-01-18 06:32:40.276193,2021-01-18 12:42:44.780135,2,21600,12553
470,8ba85fd38dfd6aeb1085fa6c8c2afc89c1722a3e,/home/jinsheng/experiment-data,smb-011814,libfuzzer,curl_curl_fuzzer_smb,2021-01-18 06:32:40.273411,2021-01-18 12:42:44.780135,12,21600,13055
471,8ba85fd38dfd6aeb1085fa6c8c2afc89c1722a3e,/home/jinsheng/experiment-data,smb-011814,libfuzzer,curl_curl_fuzzer_smb,2021-01-18 06:32:40.043327,2021-01-18 12:42:44.780135,15,21600,12592
472,8ba85fd38dfd6aeb1085fa6c8c2afc89c1722a3e,/home/jinsheng/experiment-data,smb-011814,ifcg,curl_curl_fuzzer_smb,2021-01-18 06:32:40.312053,2021-01-18 12:42:44.780135,4,21600,12608
473,8ba85fd38dfd6aeb1085fa6c8c2afc89c1722a3e,/home/jinsheng/experiment-data,smb-011814,ifcg,curl_curl_fuzzer_smb,2021-01-18 06:32:40.220099,2021-01-18 12:42:44.780135,7,21600,12523
474,8ba85fd38dfd6aeb1085fa6c8c2afc89c1722a3e,/home/jinsheng/experiment-data,smb-011814,libfuzzer,curl_curl_fuzzer_smb,2021-01-18 06:32:40.187836,2021-01-18 12:42:44.780135,17,21600,7783
475,8ba85fd38dfd6aeb1085fa6c8c2afc89c1722a3e,/home/jinsheng/experiment-data,smb-011814,libfuzzer,curl_curl_fuzzer_smb,2021-01-18 06:32:40.261902,2021-01-18 12:42:44.780135,11,21600,12556
476,8ba85fd38dfd6aeb1085fa6c8c2afc89c1722a3e,/home/jinsheng/experiment-data,smb-011814,libfuzzer,curl_curl_fuzzer_smb,2021-01-18 06:32:40.236269,2021-01-18 12:42:44.780135,13,21600,7871
477,8ba85fd38dfd6aeb1085fa6c8c2afc89c1722a3e,/home/jinsheng/experiment-data,smb-011814,ifcg,curl_curl_fuzzer_smb,2021-01-18 06:32:40.352875,2021-01-18 12:42:44.780135,10,21600,7789
478,8ba85fd38dfd6aeb1085fa6c8c2afc89c1722a3e,/home/jinsheng/experiment-data,smb-011814,libfuzzer,curl_curl_fuzzer_smb,2021-01-18 06:32:40.239339,2021-01-18 12:42:44.780135,20,21600,7817
479,8ba85fd38dfd6aeb1085fa6c8c2afc89c1722a3e,/home/jinsheng/experiment-data,smb-011814,ifcg,curl_curl_fuzzer_smb,2021-01-18 06:32:40.083715,2021-01-18 12:42:44.780135,8,21600,12563
